o_hex,d_hex,trips
872a8b102ffffff,872a8bc28ffffff,1
872a8b102ffffff,872a8bc2affffff,5
872a8b102ffffff,872a8bc2bffffff,1
872a8b102ffffff,872a8bc2effffff,3
872a8b102ffffff,872a8bc41ffffff,2
872a8b102ffffff,872a8bc49ffffff,150
872a8b102ffffff,872a8bc4affffff,2
872a8b102ffffff,872a8bc4effffff,27
872a8b102ffffff,872a8bc50ffffff,1
872a8b104ffffff,872a8bc41ffffff,210
872a8b104ffffff,872a8bc4effffff,3
872a8b104ffffff,872a8bc50ffffff,6
872a8b110ffffff,872a8bc2bffffff,2
872a8b110ffffff,872a8bc41ffffff,7
872a8b110ffffff,872a8bc44ffffff,1
872a8b110ffffff,872a8bc4affffff,1
872a8b110ffffff,872a8bc4effffff,10
872a8b110ffffff,872a8bc51ffffff,3
872a8b112ffffff,872a8bc4effffff,1
872a8b113ffffff,872a8bc4affffff,5
872a8b113ffffff,872a8bc4effffff,7
872a8b114ffffff,872a8bc2affffff,1
872a8b114ffffff,872a8bc2effffff,2
872a8b114ffffff,872a8bc40ffffff,5
872a8b114ffffff,872a8bc41ffffff,30
872a8b116ffffff,872a8b116ffffff,1
872a8b116ffffff,872a8bc48ffffff,2
872a8b116ffffff,872a8bc4affffff,1
872a8b116ffffff,872a8bc4effffff,12
872a8b11effffff,872a8bc4affffff,101
872a8b11effffff,872a8bc4effffff,12
872a8b11effffff,872a8bc50ffffff,5
872a8b11effffff,872a8bc52ffffff,1
872a8b12affffff,872a8bc2affffff,1
872a8b12affffff,872a8bc41ffffff,1
872a8b12affffff,872a8bc4effffff,9
872a8b130ffffff,872a8bc4effffff,1
872a8b132ffffff,872a8bc4effffff,78
872a8b134ffffff,872a8bc4affffff,1
872a8b135ffffff,872a8bc4effffff,4
872a8b135ffffff,872a8bc50ffffff,8
872a8b135ffffff,872a8bc51ffffff,4
872a8b136ffffff,872a8bc41ffffff,1
872a8b136ffffff,872a8bc4affffff,15
872a8b136ffffff,872a8bc4effffff,16
872a8b136ffffff,872a8bcd2ffffff,3
872a8b185ffffff,872a8bc28ffffff,1
872a8b185ffffff,872a8bc2effffff,1
872a8b185ffffff,872a8bc4effffff,1
872a8b195ffffff,872a8bc40ffffff,9
872a8b195ffffff,872a8bc4effffff,1
872a8b195ffffff,872a8bc50ffffff,3
872a8b1a2ffffff,872a8bc2affffff,1
872a8b1a2ffffff,872a8bc41ffffff,1
872a8b1a2ffffff,872a8bc4effffff,5
872a8b1a2ffffff,872a8bc50ffffff,2
872a8b1a4ffffff,872a8bc41ffffff,69
872a8b1a6ffffff,872a8bc41ffffff,61
872a8b1a6ffffff,872a8bc4affffff,1
872a8b1a6ffffff,872a8bc4effffff,10
872a8b1adffffff,872a8bc48ffffff,1
872a8b1adffffff,872a8bc51ffffff,91
872a8b1aeffffff,872a8bc2affffff,7
872a8b1b5ffffff,872a8bcd2ffffff,1
872a8b520ffffff,872a8b520ffffff,1
872a8b520ffffff,872a8bc41ffffff,93
872a8b521ffffff,872a8b521ffffff,2
872a8b521ffffff,872a8bc2affffff,12
872a8b521ffffff,872a8bc2effffff,1
872a8b521ffffff,872a8bc4affffff,54
872a8b521ffffff,872a8bc4effffff,15
872a8b521ffffff,872a8bc51ffffff,10
872a8b521ffffff,872a8bcd2ffffff,21
872a8b525ffffff,872a8b525ffffff,1
872a8b525ffffff,872a8bc28ffffff,1
872a8b525ffffff,872a8bc2affffff,1
872a8b525ffffff,872a8bc4effffff,2
872a8b525ffffff,872a8bc50ffffff,6
872a8b525ffffff,872a8bcd2ffffff,20
872a8b525ffffff,872a8bcd4ffffff,1
872a8b526ffffff,872a8bc4affffff,2
872a8b528ffffff,872a8bc50ffffff,1
872a8b528ffffff,872a8bc52ffffff,2
872a8b528ffffff,872a8bcd2ffffff,1
872a8b52affffff,872a8bc23ffffff,1
872a8b555ffffff,872a8bc51ffffff,1
872a8b562ffffff,872a8bc4affffff,3
872a8b562ffffff,872a8bc4effffff,4
872a8b564ffffff,872a8bc89ffffff,2
872a8b565ffffff,872a8bc4affffff,1
872a8b565ffffff,872a8bcd2ffffff,4
872a8b574ffffff,872a8b574ffffff,2
872a8b574ffffff,872a8bc2effffff,1
872a8b574ffffff,872a8bc49ffffff,165
872a8b574ffffff,872a8bc51ffffff,1
872a8b575ffffff,872a8bc50ffffff,2
872a8b891ffffff,872a8bc2effffff,11
872a8b893ffffff,872a8bc4effffff,3
872a8b896ffffff,872a8bc28ffffff,2
872a8b896ffffff,872a8bc2affffff,1
872a8b896ffffff,872a8bc2bffffff,2
872a8b896ffffff,872a8bc2effffff,5
872a8b896ffffff,872a8bc4effffff,1
872a8b89affffff,872a8bc2affffff,7
872a8b89affffff,872a8bc4effffff,16
872a8b89bffffff,872a8b114ffffff,5
872a8b89bffffff,872a8b89bffffff,1
872a8b89bffffff,872a8bc2affffff,4
872a8b89bffffff,872a8bc40ffffff,3
872a8b89bffffff,872a8bc44ffffff,3
872a8b89bffffff,872a8bc4effffff,11
872a8b89bffffff,872a8bcd6ffffff,1
872a8b89effffff,872a8bc2affffff,1
872a8b89effffff,872a8bc4affffff,2
872a8b8b6ffffff,872a8b8b6ffffff,1
872a8b8b6ffffff,872a8bc2effffff,28
872a8bc00ffffff,872a8bc00ffffff,2
872a8bc00ffffff,872a8bc2affffff,7
872a8bc00ffffff,872a8bc2effffff,10
872a8bc00ffffff,872a8bc41ffffff,121
872a8bc00ffffff,872a8bc4affffff,1
872a8bc00ffffff,872a8bc4effffff,3
872a8bc00ffffff,872a8bc50ffffff,3
872a8bc00ffffff,872a8bc51ffffff,1
872a8bc00ffffff,872a8bc52ffffff,4
872a8bc01ffffff,872a8bc01ffffff,4
872a8bc01ffffff,872a8bc23ffffff,26
872a8bc01ffffff,872a8bc28ffffff,17
872a8bc01ffffff,872a8bc2affffff,389
872a8bc01ffffff,872a8bc2bffffff,6
872a8bc01ffffff,872a8bc2cffffff,2
872a8bc01ffffff,872a8bc2effffff,64
872a8bc01ffffff,872a8bc41ffffff,15
872a8bc01ffffff,872a8bc44ffffff,1
872a8bc01ffffff,872a8bc49ffffff,152
872a8bc01ffffff,872a8bc4affffff,8
872a8bc01ffffff,872a8bc4effffff,72
872a8bc01ffffff,872a8bc50ffffff,12
872a8bc01ffffff,872a8bc51ffffff,13
872a8bc01ffffff,872a8bc52ffffff,7
872a8bc01ffffff,872a8bc53ffffff,9
872a8bc01ffffff,872a8bcd2ffffff,10
872a8bc01ffffff,872a8bcd6ffffff,1
872a8bc03ffffff,872a8bc2affffff,2
872a8bc03ffffff,872a8bc2cffffff,2
872a8bc03ffffff,872a8bc4effffff,1
872a8bc04ffffff,872a8bc04ffffff,1
872a8bc04ffffff,872a8bc23ffffff,28
872a8bc04ffffff,872a8bc28ffffff,4
872a8bc04ffffff,872a8bc2affffff,12
872a8bc04ffffff,872a8bc2effffff,15
872a8bc04ffffff,872a8bc4effffff,10
872a8bc04ffffff,872a8bc50ffffff,3
872a8bc04ffffff,872a8bcd2ffffff,4
872a8bc04ffffff,872a8bd53ffffff,172
872a8bc05ffffff,872a8bc05ffffff,13
872a8bc05ffffff,872a8bc23ffffff,29
872a8bc05ffffff,872a8bc28ffffff,44
872a8bc05ffffff,872a8bc2affffff,326
872a8bc05ffffff,872a8bc2bffffff,25
872a8bc05ffffff,872a8bc2cffffff,22
872a8bc05ffffff,872a8bc2effffff,177
872a8bc05ffffff,872a8bc40ffffff,2
872a8bc05ffffff,872a8bc41ffffff,364
872a8bc05ffffff,872a8bc44ffffff,1
872a8bc05ffffff,872a8bc48ffffff,23
872a8bc05ffffff,872a8bc49ffffff,185
872a8bc05ffffff,872a8bc4affffff,52
872a8bc05ffffff,872a8bc4dffffff,3
872a8bc05ffffff,872a8bc4effffff,162
872a8bc05ffffff,872a8bc50ffffff,17
872a8bc05ffffff,872a8bc51ffffff,30
872a8bc05ffffff,872a8bc52ffffff,6
872a8bc05ffffff,872a8bc68ffffff,1
872a8bc05ffffff,872a8bc89ffffff,6
872a8bc05ffffff,872a8bca9ffffff,2
872a8bc05ffffff,872a8bcd2ffffff,9
872a8bc05ffffff,872a8bcd6ffffff,2
872a8bc06ffffff,872a8bc06ffffff,1
872a8bc06ffffff,872a8bc2affffff,1
872a8bc06ffffff,872a8bc2effffff,6
872a8bc06ffffff,872a8bc48ffffff,2
872a8bc06ffffff,872a8bc4effffff,1
872a8bc08ffffff,872a8bc41ffffff,9
872a8bc08ffffff,872a8bc50ffffff,1
872a8bc0cffffff,872a8bc2effffff,1
872a8bc0cffffff,872a8bc41ffffff,1
872a8bc0cffffff,872a8bc4effffff,3
872a8bc0dffffff,872a8bc0dffffff,1
872a8bc0dffffff,872a8bc2bffffff,1
872a8bc0dffffff,872a8bc4affffff,6
872a8bc11ffffff,872a8bc11ffffff,1
872a8bc11ffffff,872a8bc49ffffff,93
872a8bc15ffffff,872a8bc28ffffff,1
872a8bc15ffffff,872a8bc2effffff,3
872a8bc15ffffff,872a8bc4effffff,2
872a8bc15ffffff,872a8bc50ffffff,2
872a8bc18ffffff,872a8bc4effffff,3
872a8bc1affffff,872a8bc28ffffff,12
872a8bc1affffff,872a8bc2affffff,20
872a8bc1affffff,872a8bc4effffff,1
872a8bc1bffffff,872a8bc4affffff,1
872a8bc1cffffff,872a8bc28ffffff,2
872a8bc1cffffff,872a8bc2affffff,5
872a8bc1cffffff,872a8bc2bffffff,1
872a8bc1cffffff,872a8bc2cffffff,1
872a8bc1cffffff,872a8bc2effffff,15
872a8bc1cffffff,872a8bc44ffffff,2
872a8bc1cffffff,872a8bc4effffff,4
872a8bc1cffffff,872a8bc50ffffff,2
872a8bc1cffffff,872a8bc51ffffff,12
872a8bc1cffffff,872a8bc52ffffff,1
872a8bc1cffffff,872a8bc53ffffff,43
872a8bc1cffffff,872a8bcd2ffffff,8
872a8bc1dffffff,872a8bc2bffffff,8
872a8bc1dffffff,872a8bc2effffff,2
872a8bc1dffffff,872a8bc41ffffff,1
872a8bc1dffffff,872a8bc50ffffff,13
872a8bc1dffffff,872a8bc51ffffff,9
872a8bc20ffffff,872a8bc20ffffff,1
872a8bc20ffffff,872a8bc23ffffff,35
872a8bc20ffffff,872a8bc28ffffff,2
872a8bc20ffffff,872a8bc2affffff,12
872a8bc20ffffff,872a8bc2bffffff,9
872a8bc20ffffff,872a8bc2cffffff,4
872a8bc20ffffff,872a8bc2effffff,27
872a8bc20ffffff,872a8bc4affffff,2
872a8bc20ffffff,872a8bc4effffff,1
872a8bc20ffffff,872a8bc51ffffff,2
872a8bc21ffffff,872a8bc21ffffff,1
872a8bc21ffffff,872a8bc28ffffff,6
872a8bc21ffffff,872a8bc2affffff,20
872a8bc21ffffff,872a8bc2bffffff,6
872a8bc21ffffff,872a8bc2cffffff,7
872a8bc21ffffff,872a8bc2effffff,36
872a8bc21ffffff,872a8bc41ffffff,4
872a8bc21ffffff,872a8bc48ffffff,6
872a8bc21ffffff,872a8bc4affffff,3
872a8bc21ffffff,872a8bc4effffff,27
872a8bc21ffffff,872a8bc50ffffff,6
872a8bc21ffffff,872a8bc51ffffff,9
872a8bc21ffffff,872a8bcd2ffffff,1
872a8bc22ffffff,872a8bc2affffff,1
872a8bc22ffffff,872a8bc2cffffff,1
872a8bc22ffffff,872a8bc41ffffff,2
872a8bc22ffffff,872a8bc48ffffff,2
872a8bc22ffffff,872a8bc4effffff,7
872a8bc22ffffff,872a8bc51ffffff,1
872a8bc23ffffff,872a8b52affffff,1
872a8bc23ffffff,872a8bc00ffffff,220
872a8bc23ffffff,872a8bc01ffffff,25
872a8bc23ffffff,872a8bc04ffffff,28
872a8bc23ffffff,872a8bc05ffffff,29
872a8bc23ffffff,872a8bc06ffffff,2
872a8bc23ffffff,872a8bc1dffffff,1
872a8bc23ffffff,872a8bc20ffffff,34
872a8bc23ffffff,872a8bc23ffffff,5
872a8bc23ffffff,872a8bc28ffffff,4
872a8bc23ffffff,872a8bc2affffff,117
872a8bc23ffffff,872a8bc2bffffff,3
872a8bc23ffffff,872a8bc2cffffff,19
872a8bc23ffffff,872a8bc2effffff,32
872a8bc23ffffff,872a8bc41ffffff,147
872a8bc23ffffff,872a8bc43ffffff,4
872a8bc23ffffff,872a8bc48ffffff,2
872a8bc23ffffff,872a8bc4affffff,26
872a8bc23ffffff,872a8bc4effffff,73
872a8bc23ffffff,872a8bc50ffffff,4
872a8bc23ffffff,872a8bc51ffffff,10
872a8bc23ffffff,872a8bc8bffffff,23
872a8bc23ffffff,872a8bd53ffffff,17
872a8bc28ffffff,872a8b102ffffff,1
872a8bc28ffffff,872a8b185ffffff,1
872a8bc28ffffff,872a8b525ffffff,1
872a8bc28ffffff,872a8b896ffffff,2
872a8bc28ffffff,872a8bc01ffffff,16
872a8bc28ffffff,872a8bc04ffffff,3
872a8bc28ffffff,872a8bc05ffffff,39
872a8bc28ffffff,872a8bc15ffffff,1
872a8bc28ffffff,872a8bc1affffff,11
872a8bc28ffffff,872a8bc1cffffff,2
872a8bc28ffffff,872a8bc20ffffff,1
872a8bc28ffffff,872a8bc21ffffff,6
872a8bc28ffffff,872a8bc23ffffff,4
872a8bc28ffffff,872a8bc28ffffff,25
872a8bc28ffffff,872a8bc2affffff,194
872a8bc28ffffff,872a8bc2bffffff,2
872a8bc28ffffff,872a8bc2cffffff,30
872a8bc28ffffff,872a8bc2effffff,172
872a8bc28ffffff,872a8bc41ffffff,10
872a8bc28ffffff,872a8bc44ffffff,2
872a8bc28ffffff,872a8bc48ffffff,11
872a8bc28ffffff,872a8bc4affffff,44
872a8bc28ffffff,872a8bc4cffffff,1
872a8bc28ffffff,872a8bc4dffffff,1
872a8bc28ffffff,872a8bc4effffff,102
872a8bc28ffffff,872a8bc50ffffff,9
872a8bc28ffffff,872a8bc51ffffff,3
872a8bc28ffffff,872a8bc52ffffff,1
872a8bc28ffffff,872a8bc5cffffff,2
872a8bc28ffffff,872a8bc5dffffff,4
872a8bc28ffffff,872a8bc62ffffff,2
872a8bc28ffffff,872a8bc64ffffff,1
872a8bc28ffffff,872a8bc69ffffff,3
872a8bc28ffffff,872a8bc8bffffff,4
872a8bc28ffffff,872a8bca8ffffff,3
872a8bc28ffffff,872a8bcacffffff,1
872a8bc28ffffff,872a8bcd2ffffff,7
872a8bc28ffffff,872a8bcd4ffffff,4
872a8bc28ffffff,872a8bcd6ffffff,1
872a8bc28ffffff,872a8bd41ffffff,1
872a8bc28ffffff,872a8bd52ffffff,1
872a8bc28ffffff,872a8bd53ffffff,6
872a8bc28ffffff,872a8bd5cffffff,1
872a8bc28ffffff,872a8bd6cffffff,1
872a8bc2affffff,872a8b102ffffff,5
872a8bc2affffff,872a8b12affffff,1
872a8bc2affffff,872a8b1a2ffffff,1
872a8bc2affffff,872a8b1aeffffff,7
872a8bc2affffff,872a8b521ffffff,12
872a8bc2affffff,872a8b525ffffff,1
872a8bc2affffff,872a8b896ffffff,1
872a8bc2affffff,872a8b89affffff,7
872a8bc2affffff,872a8b89bffffff,6
872a8bc2affffff,872a8b89effffff,1
872a8bc2affffff,872a8bc00ffffff,7
872a8bc2affffff,872a8bc01ffffff,382
872a8bc2affffff,872a8bc03ffffff,2
872a8bc2affffff,872a8bc04ffffff,8
872a8bc2affffff,872a8bc05ffffff,311
872a8bc2affffff,872a8bc06ffffff,1
872a8bc2affffff,872a8bc1affffff,10
872a8bc2affffff,872a8bc1cffffff,5
872a8bc2affffff,872a8bc20ffffff,12
872a8bc2affffff,872a8bc21ffffff,18
872a8bc2affffff,872a8bc22ffffff,1
872a8bc2affffff,872a8bc23ffffff,111
872a8bc2affffff,872a8bc28ffffff,188
872a8bc2affffff,872a8bc2affffff,31
872a8bc2affffff,872a8bc2bffffff,2
872a8bc2affffff,872a8bc2cffffff,39
872a8bc2affffff,872a8bc2effffff,148
872a8bc2affffff,872a8bc31ffffff,147
872a8bc2affffff,872a8bc40ffffff,6
872a8bc2affffff,872a8bc41ffffff,108
872a8bc2affffff,872a8bc44ffffff,3
872a8bc2affffff,872a8bc48ffffff,180
872a8bc2affffff,872a8bc4affffff,9
872a8bc2affffff,872a8bc4bffffff,1
872a8bc2affffff,872a8bc4cffffff,6
872a8bc2affffff,872a8bc4dffffff,1
872a8bc2affffff,872a8bc4effffff,67
872a8bc2affffff,872a8bc50ffffff,4
872a8bc2affffff,872a8bc51ffffff,6
872a8bc2affffff,872a8bc52ffffff,3
872a8bc2affffff,872a8bc5dffffff,3
872a8bc2affffff,872a8bc62ffffff,6
872a8bc2affffff,872a8bc64ffffff,2
872a8bc2affffff,872a8bc66ffffff,2
872a8bc2affffff,872a8bc69ffffff,2
872a8bc2affffff,872a8bc6bffffff,1
872a8bc2affffff,872a8bc71ffffff,3
872a8bc2affffff,872a8bc74ffffff,1
872a8bc2affffff,872a8bc82ffffff,2
872a8bc2affffff,872a8bc89ffffff,1
872a8bc2affffff,872a8bc8affffff,23
872a8bc2affffff,872a8bc8bffffff,62
872a8bc2affffff,872a8bc8effffff,51
872a8bc2affffff,872a8bca8ffffff,53
872a8bc2affffff,872a8bca9ffffff,148
872a8bc2affffff,872a8bcadffffff,25
872a8bc2affffff,872a8bcaeffffff,3
872a8bc2affffff,872a8bcd2ffffff,17
872a8bc2affffff,872a8bcd4ffffff,2
872a8bc2affffff,872a8bcd6ffffff,98
872a8bc2affffff,872a8bcdaffffff,1
872a8bc2affffff,872a8bcf3ffffff,2
872a8bc2affffff,872a8bcf5ffffff,1
872a8bc2affffff,872a8bd42ffffff,136
872a8bc2affffff,872a8bd50ffffff,5
872a8bc2affffff,872a8bd52ffffff,1
872a8bc2affffff,872a8bd53ffffff,17
872a8bc2affffff,872a8bd58ffffff,128
872a8bc2affffff,872a8bd63ffffff,2
872a8bc2affffff,872a8bd6cffffff,9
872a8bc2bffffff,872a8b102ffffff,1
872a8bc2bffffff,872a8b110ffffff,2
872a8bc2bffffff,872a8b896ffffff,2
872a8bc2bffffff,872a8bc01ffffff,5
872a8bc2bffffff,872a8bc05ffffff,24
872a8bc2bffffff,872a8bc0dffffff,1
872a8bc2bffffff,872a8bc1cffffff,1
872a8bc2bffffff,872a8bc1dffffff,2
872a8bc2bffffff,872a8bc20ffffff,10
872a8bc2bffffff,872a8bc21ffffff,6
872a8bc2bffffff,872a8bc23ffffff,5
872a8bc2bffffff,872a8bc28ffffff,2
872a8bc2bffffff,872a8bc2affffff,2
872a8bc2bffffff,872a8bc2cffffff,3
872a8bc2bffffff,872a8bc2effffff,5
872a8bc2bffffff,872a8bc41ffffff,11
872a8bc2bffffff,872a8bc48ffffff,7
872a8bc2bffffff,872a8bc4cffffff,8
872a8bc2bffffff,872a8bc4effffff,16
872a8bc2bffffff,872a8bc5dffffff,2
872a8bc2bffffff,872a8bc62ffffff,1
872a8bc2bffffff,872a8bc66ffffff,1
872a8bc2bffffff,872a8bc80ffffff,1
872a8bc2bffffff,872a8bc8bffffff,3
872a8bc2bffffff,872a8bc8cffffff,1
872a8bc2bffffff,872a8bca8ffffff,10
872a8bc2bffffff,872a8bcf5ffffff,2
872a8bc2bffffff,872a8bd53ffffff,16
872a8bc2bffffff,872a8bd5bffffff,12
872a8bc2cffffff,872a8bc01ffffff,1
872a8bc2cffffff,872a8bc03ffffff,2
872a8bc2cffffff,872a8bc05ffffff,20
872a8bc2cffffff,872a8bc20ffffff,4
872a8bc2cffffff,872a8bc21ffffff,6
872a8bc2cffffff,872a8bc22ffffff,1
872a8bc2cffffff,872a8bc23ffffff,20
872a8bc2cffffff,872a8bc28ffffff,31
872a8bc2cffffff,872a8bc2affffff,39
872a8bc2cffffff,872a8bc2bffffff,2
872a8bc2cffffff,872a8bc2effffff,14
872a8bc2cffffff,872a8bc33ffffff,6
872a8bc2cffffff,872a8bc41ffffff,229
872a8bc2cffffff,872a8bc48ffffff,4
872a8bc2cffffff,872a8bc4affffff,1
872a8bc2cffffff,872a8bc4effffff,11
872a8bc2cffffff,872a8bc50ffffff,8
872a8bc2cffffff,872a8bc51ffffff,72
872a8bc2cffffff,872a8bc52ffffff,1
872a8bc2cffffff,872a8bc89ffffff,1
872a8bc2cffffff,872a8bcd2ffffff,1
872a8bc2cffffff,872a8bd50ffffff,4
872a8bc2cffffff,872a8bd6cffffff,21
872a8bc2effffff,872a8b102ffffff,2
872a8bc2effffff,872a8b114ffffff,2
872a8bc2effffff,872a8b185ffffff,1
872a8bc2effffff,872a8b521ffffff,1
872a8bc2effffff,872a8b574ffffff,1
872a8bc2effffff,872a8b891ffffff,12
872a8bc2effffff,872a8b896ffffff,5
872a8bc2effffff,872a8b8b6ffffff,26
872a8bc2effffff,872a8bc00ffffff,10
872a8bc2effffff,872a8bc01ffffff,62
872a8bc2effffff,872a8bc04ffffff,15
872a8bc2effffff,872a8bc05ffffff,173
872a8bc2effffff,872a8bc06ffffff,3
872a8bc2effffff,872a8bc0cffffff,1
872a8bc2effffff,872a8bc15ffffff,3
872a8bc2effffff,872a8bc1cffffff,14
872a8bc2effffff,872a8bc20ffffff,25
872a8bc2effffff,872a8bc21ffffff,36
872a8bc2effffff,872a8bc23ffffff,32
872a8bc2effffff,872a8bc28ffffff,164
872a8bc2effffff,872a8bc2affffff,150
872a8bc2effffff,872a8bc2bffffff,6
872a8bc2effffff,872a8bc2cffffff,13
872a8bc2effffff,872a8bc2effffff,57
872a8bc2effffff,872a8bc40ffffff,10
872a8bc2effffff,872a8bc41ffffff,85
872a8bc2effffff,872a8bc44ffffff,2
872a8bc2effffff,872a8bc48ffffff,54
872a8bc2effffff,872a8bc4affffff,2
872a8bc2effffff,872a8bc4cffffff,8
872a8bc2effffff,872a8bc4dffffff,6
872a8bc2effffff,872a8bc4effffff,71
872a8bc2effffff,872a8bc50ffffff,2
872a8bc2effffff,872a8bc51ffffff,57
872a8bc2effffff,872a8bc52ffffff,2
872a8bc2effffff,872a8bc5dffffff,25
872a8bc2effffff,872a8bc5effffff,12
872a8bc2effffff,872a8bc62ffffff,4
872a8bc2effffff,872a8bc69ffffff,3
872a8bc2effffff,872a8bc74ffffff,3
872a8bc2effffff,872a8bc80ffffff,3
872a8bc2effffff,872a8bc82ffffff,1
872a8bc2effffff,872a8bc8bffffff,18
872a8bc2effffff,872a8bca8ffffff,18
872a8bc2effffff,872a8bcd2ffffff,28
872a8bc2effffff,872a8bcd6ffffff,8
872a8bc2effffff,872a8bcdaffffff,2
872a8bc2effffff,872a8bce2ffffff,3
872a8bc2effffff,872a8bcedffffff,10
872a8bc2effffff,872a8bd41ffffff,6
872a8bc2effffff,872a8bd48ffffff,1
872a8bc2effffff,872a8bd50ffffff,2
872a8bc2effffff,872a8bd52ffffff,10
872a8bc2effffff,872a8bd53ffffff,99
872a8bc2effffff,872a8bd58ffffff,1
872a8bc2effffff,872a8bd5affffff,9
872a8bc2effffff,872a8bd5bffffff,5
872a8bc2effffff,872a8bd5cffffff,2
872a8bc2effffff,872a8bd63ffffff,1
872a8bc2effffff,872a8bd6cffffff,1
872a8bc31ffffff,872a8bc2affffff,147
872a8bc31ffffff,872a8bc4effffff,3
872a8bc33ffffff,872a8bc2cffffff,5
872a8bc33ffffff,872a8bc41ffffff,1
872a8bc40ffffff,872a8b195ffffff,9
872a8bc40ffffff,872a8b89bffffff,7
872a8bc40ffffff,872a8bc05ffffff,2
872a8bc40ffffff,872a8bc2affffff,7
872a8bc40ffffff,872a8bc2effffff,11
872a8bc40ffffff,872a8bc40ffffff,1
872a8bc40ffffff,872a8bc41ffffff,208
872a8bc40ffffff,872a8bc48ffffff,6
872a8bc40ffffff,872a8bc4affffff,2
872a8bc40ffffff,872a8bc4cffffff,2
872a8bc40ffffff,872a8bc4effffff,51
872a8bc40ffffff,872a8bcd2ffffff,1
872a8bc40ffffff,872a8bd6cffffff,1
872a8bc41ffffff,872a8b102ffffff,2
872a8bc41ffffff,872a8b104ffffff,208
872a8bc41ffffff,872a8b110ffffff,5
872a8bc41ffffff,872a8b12affffff,1
872a8bc41ffffff,872a8b136ffffff,1
872a8bc41ffffff,872a8b1a2ffffff,1
872a8bc41ffffff,872a8b1a4ffffff,68
872a8bc41ffffff,872a8b1a6ffffff,61
872a8bc41ffffff,872a8b520ffffff,90
872a8bc41ffffff,872a8b521ffffff,134
872a8bc41ffffff,872a8b89bffffff,1
872a8bc41ffffff,872a8bc00ffffff,119
872a8bc41ffffff,872a8bc01ffffff,15
872a8bc41ffffff,872a8bc05ffffff,358
872a8bc41ffffff,872a8bc08ffffff,1
872a8bc41ffffff,872a8bc1dffffff,1
872a8bc41ffffff,872a8bc21ffffff,4
872a8bc41ffffff,872a8bc22ffffff,2
872a8bc41ffffff,872a8bc23ffffff,146
872a8bc41ffffff,872a8bc28ffffff,9
872a8bc41ffffff,872a8bc2affffff,107
872a8bc41ffffff,872a8bc2bffffff,11
872a8bc41ffffff,872a8bc2cffffff,226
872a8bc41ffffff,872a8bc2effffff,108
872a8bc41ffffff,872a8bc33ffffff,1
872a8bc41ffffff,872a8bc40ffffff,207
872a8bc41ffffff,872a8bc41ffffff,614
872a8bc41ffffff,872a8bc42ffffff,74
872a8bc41ffffff,872a8bc44ffffff,1
872a8bc41ffffff,872a8bc45ffffff,4
872a8bc41ffffff,872a8bc48ffffff,569
872a8bc41ffffff,872a8bc49ffffff,188
872a8bc41ffffff,872a8bc4affffff,327
872a8bc41ffffff,872a8bc4bffffff,1
872a8bc41ffffff,872a8bc4cffffff,22
872a8bc41ffffff,872a8bc4dffffff,1
872a8bc41ffffff,872a8bc4effffff,437
872a8bc41ffffff,872a8bc50ffffff,10
872a8bc41ffffff,872a8bc51ffffff,20
872a8bc41ffffff,872a8bc52ffffff,4
872a8bc41ffffff,872a8bc53ffffff,1
872a8bc41ffffff,872a8bc56ffffff,234
872a8bc41ffffff,872a8bc5cffffff,1
872a8bc41ffffff,872a8bc5dffffff,185
872a8bc41ffffff,872a8bc5effffff,1
872a8bc41ffffff,872a8bc62ffffff,3
872a8bc41ffffff,872a8bc64ffffff,1
872a8bc41ffffff,872a8bc66ffffff,1
872a8bc41ffffff,872a8bc69ffffff,32
872a8bc41ffffff,872a8bc76ffffff,193
872a8bc41ffffff,872a8bc89ffffff,2
872a8bc41ffffff,872a8bc8bffffff,1
872a8bc41ffffff,872a8bca2ffffff,6
872a8bc41ffffff,872a8bca9ffffff,148
872a8bc41ffffff,872a8bcabffffff,90
872a8bc41ffffff,872a8bcadffffff,208
872a8bc41ffffff,872a8bcd1ffffff,123
872a8bc41ffffff,872a8bcd2ffffff,7
872a8bc41ffffff,872a8bcd6ffffff,1
872a8bc41ffffff,872a8bce1ffffff,1
872a8bc41ffffff,872a8bd48ffffff,2
872a8bc41ffffff,872a8bd50ffffff,67
872a8bc41ffffff,872a8bd52ffffff,276
872a8bc41ffffff,872a8bd53ffffff,28
872a8bc42ffffff,872a8bc41ffffff,73
872a8bc43ffffff,872a8bc23ffffff,4
872a8bc43ffffff,872a8bc4affffff,3
872a8bc43ffffff,872a8bc4effffff,13
872a8bc44ffffff,872a8b110ffffff,1
872a8bc44ffffff,872a8b89bffffff,3
872a8bc44ffffff,872a8bc01ffffff,1
872a8bc44ffffff,872a8bc05ffffff,1
872a8bc44ffffff,872a8bc1cffffff,2
872a8bc44ffffff,872a8bc28ffffff,2
872a8bc44ffffff,872a8bc2affffff,4
872a8bc44ffffff,872a8bc2effffff,1
872a8bc44ffffff,872a8bc41ffffff,1
872a8bc44ffffff,872a8bc4effffff,4
872a8bc44ffffff,872a8bc50ffffff,1
872a8bc44ffffff,872a8bc51ffffff,175
872a8bc44ffffff,872a8bc62ffffff,2
872a8bc44ffffff,872a8bd53ffffff,2
872a8bc45ffffff,872a8bc41ffffff,4
872a8bc45ffffff,872a8bc4affffff,1
872a8bc45ffffff,872a8bc4dffffff,2
872a8bc48ffffff,872a8b116ffffff,1
872a8bc48ffffff,872a8bc05ffffff,23
872a8bc48ffffff,872a8bc06ffffff,1
872a8bc48ffffff,872a8bc21ffffff,6
872a8bc48ffffff,872a8bc22ffffff,2
872a8bc48ffffff,872a8bc23ffffff,2
872a8bc48ffffff,872a8bc28ffffff,11
872a8bc48ffffff,872a8bc2affffff,183
872a8bc48ffffff,872a8bc2bffffff,7
872a8bc48ffffff,872a8bc2cffffff,4
872a8bc48ffffff,872a8bc2effffff,57
872a8bc48ffffff,872a8bc40ffffff,6
872a8bc48ffffff,872a8bc41ffffff,628
872a8bc48ffffff,872a8bc48ffffff,64
872a8bc48ffffff,872a8bc49ffffff,101
872a8bc48ffffff,872a8bc4affffff,297
872a8bc48ffffff,872a8bc4bffffff,1
872a8bc48ffffff,872a8bc4cffffff,12
872a8bc48ffffff,872a8bc4dffffff,6
872a8bc48ffffff,872a8bc4effffff,244
872a8bc48ffffff,872a8bc50ffffff,1
872a8bc48ffffff,872a8bc51ffffff,465
872a8bc48ffffff,872a8bc52ffffff,1
872a8bc48ffffff,872a8bc5dffffff,11
872a8bc48ffffff,872a8bc62ffffff,1
872a8bc48ffffff,872a8bc64ffffff,2
872a8bc48ffffff,872a8bc75ffffff,2
872a8bc48ffffff,872a8bc8bffffff,1
872a8bc48ffffff,872a8bca8ffffff,2
872a8bc48ffffff,872a8bcabffffff,1
872a8bc48ffffff,872a8bcd2ffffff,16
872a8bc48ffffff,872a8bcd6ffffff,5
872a8bc48ffffff,872a8bcddffffff,2
872a8bc48ffffff,872a8bce1ffffff,5
872a8bc48ffffff,872a8bd52ffffff,4
872a8bc48ffffff,872a8bd59ffffff,1
872a8bc48ffffff,872a8bd6effffff,1
872a8bc49ffffff,872a8b102ffffff,147
872a8bc49ffffff,872a8b574ffffff,165
872a8bc49ffffff,872a8bc01ffffff,151
872a8bc49ffffff,872a8bc05ffffff,185
872a8bc49ffffff,872a8bc11ffffff,89
872a8bc49ffffff,872a8bc41ffffff,187
872a8bc49ffffff,872a8bc48ffffff,104
872a8bc49ffffff,872a8bc4bffffff,151
872a8bc49ffffff,872a8bc4cffffff,283
872a8bc49ffffff,872a8bc4effffff,243
872a8bc49ffffff,872a8bc5affffff,127
872a8bc49ffffff,872a8bc5dffffff,152
872a8bc49ffffff,872a8bc71ffffff,24
872a8bc49ffffff,872a8bca9ffffff,104
872a8bc49ffffff,872a8bcd6ffffff,146
872a8bc49ffffff,872a8bcdcffffff,28
872a8bc49ffffff,872a8bce0ffffff,143
872a8bc49ffffff,872a8bcf0ffffff,36
872a8bc4affffff,872a8b102ffffff,1
872a8bc4affffff,872a8b110ffffff,1
872a8bc4affffff,872a8b113ffffff,5
872a8bc4affffff,872a8b116ffffff,1
872a8bc4affffff,872a8b11effffff,99
872a8bc4affffff,872a8b134ffffff,1
872a8bc4affffff,872a8b136ffffff,16
872a8bc4affffff,872a8b1a6ffffff,1
872a8bc4affffff,872a8b521ffffff,46
872a8bc4affffff,872a8b526ffffff,2
872a8bc4affffff,872a8b562ffffff,3
872a8bc4affffff,872a8b565ffffff,1
872a8bc4affffff,872a8b89effffff,2
872a8bc4affffff,872a8bc00ffffff,1
872a8bc4affffff,872a8bc01ffffff,9
872a8bc4affffff,872a8bc05ffffff,40
872a8bc4affffff,872a8bc0dffffff,4
872a8bc4affffff,872a8bc1bffffff,1
872a8bc4affffff,872a8bc20ffffff,2
872a8bc4affffff,872a8bc21ffffff,3
872a8bc4affffff,872a8bc23ffffff,26
872a8bc4affffff,872a8bc28ffffff,42
872a8bc4affffff,872a8bc2affffff,10
872a8bc4affffff,872a8bc2cffffff,1
872a8bc4affffff,872a8bc2effffff,1
872a8bc4affffff,872a8bc40ffffff,2
872a8bc4affffff,872a8bc41ffffff,316
872a8bc4affffff,872a8bc43ffffff,3
872a8bc4affffff,872a8bc45ffffff,3
872a8bc4affffff,872a8bc48ffffff,296
872a8bc4affffff,872a8bc4affffff,5
872a8bc4affffff,872a8bc4bffffff,137
872a8bc4affffff,872a8bc4cffffff,113
872a8bc4affffff,872a8bc4dffffff,154
872a8bc4affffff,872a8bc4effffff,591
872a8bc4affffff,872a8bc50ffffff,124
872a8bc4affffff,872a8bc56ffffff,32
872a8bc4affffff,872a8bc59ffffff,89
872a8bc4affffff,872a8bc5cffffff,3
872a8bc4affffff,872a8bc5dffffff,115
872a8bc4affffff,872a8bc62ffffff,6
872a8bc4affffff,872a8bc64ffffff,1
872a8bc4affffff,872a8bc69ffffff,2
872a8bc4affffff,872a8bc6bffffff,3
872a8bc4affffff,872a8bc75ffffff,3
872a8bc4affffff,872a8bc8bffffff,19
872a8bc4affffff,872a8bca8ffffff,2
872a8bc4affffff,872a8bca9ffffff,2
872a8bc4affffff,872a8bcabffffff,7
872a8bc4affffff,872a8bcadffffff,1
872a8bc4affffff,872a8bcc0ffffff,140
872a8bc4affffff,872a8bcd2ffffff,2
872a8bc4affffff,872a8bcd6ffffff,13
872a8bc4affffff,872a8bceeffffff,1
872a8bc4affffff,872a8bd50ffffff,3
872a8bc4affffff,872a8bd52ffffff,1
872a8bc4affffff,872a8bd53ffffff,3
872a8bc4affffff,872a8bd5affffff,1
872a8bc4affffff,872a8bd5bffffff,8
872a8bc4bffffff,872a8bc2affffff,1
872a8bc4bffffff,872a8bc41ffffff,1
872a8bc4bffffff,872a8bc48ffffff,1
872a8bc4bffffff,872a8bc49ffffff,153
872a8bc4bffffff,872a8bc4affffff,138
872a8bc4bffffff,872a8bc4bffffff,2
872a8bc4bffffff,872a8bc4effffff,2
872a8bc4cffffff,872a8bc28ffffff,1
872a8bc4cffffff,872a8bc2affffff,6
872a8bc4cffffff,872a8bc2bffffff,8
872a8bc4cffffff,872a8bc2effffff,9
872a8bc4cffffff,872a8bc40ffffff,2
872a8bc4cffffff,872a8bc41ffffff,35
872a8bc4cffffff,872a8bc45ffffff,1
872a8bc4cffffff,872a8bc48ffffff,12
872a8bc4cffffff,872a8bc49ffffff,328
872a8bc4cffffff,872a8bc4affffff,117
872a8bc4cffffff,872a8bc4bffffff,1
872a8bc4cffffff,872a8bc4cffffff,2
872a8bc4cffffff,872a8bc4effffff,97
872a8bc4cffffff,872a8bc50ffffff,10
872a8bc4cffffff,872a8bc51ffffff,227
872a8bc4cffffff,872a8bc52ffffff,1
872a8bc4cffffff,872a8bcd2ffffff,3
872a8bc4dffffff,872a8bc05ffffff,3
872a8bc4dffffff,872a8bc28ffffff,1
872a8bc4dffffff,872a8bc2affffff,1
872a8bc4dffffff,872a8bc2effffff,6
872a8bc4dffffff,872a8bc41ffffff,2
872a8bc4dffffff,872a8bc48ffffff,5
872a8bc4dffffff,872a8bc49ffffff,1
872a8bc4dffffff,872a8bc4affffff,160
872a8bc4dffffff,872a8bc4dffffff,2
872a8bc4dffffff,872a8bc4effffff,7
872a8bc4dffffff,872a8bc50ffffff,10
872a8bc4dffffff,872a8bc52ffffff,3
872a8bc4effffff,872a8b102ffffff,25
872a8bc4effffff,872a8b104ffffff,3
872a8bc4effffff,872a8b110ffffff,10
872a8bc4effffff,872a8b112ffffff,1
872a8bc4effffff,872a8b113ffffff,8
872a8bc4effffff,872a8b114ffffff,1
872a8bc4effffff,872a8b116ffffff,10
872a8bc4effffff,872a8b11effffff,12
872a8bc4effffff,872a8b12affffff,7
872a8bc4effffff,872a8b130ffffff,1
872a8bc4effffff,872a8b132ffffff,75
872a8bc4effffff,872a8b135ffffff,3
872a8bc4effffff,872a8b136ffffff,15
872a8bc4effffff,872a8b185ffffff,1
872a8bc4effffff,872a8b195ffffff,1
872a8bc4effffff,872a8b1a2ffffff,5
872a8bc4effffff,872a8b1a6ffffff,10
872a8bc4effffff,872a8b1aeffffff,1
872a8bc4effffff,872a8b521ffffff,15
872a8bc4effffff,872a8b525ffffff,2
872a8bc4effffff,872a8b562ffffff,4
872a8bc4effffff,872a8b893ffffff,3
872a8bc4effffff,872a8b896ffffff,1
872a8bc4effffff,872a8b89affffff,16
872a8bc4effffff,872a8b89bffffff,11
872a8bc4effffff,872a8bc00ffffff,2
872a8bc4effffff,872a8bc01ffffff,70
872a8bc4effffff,872a8bc03ffffff,1
872a8bc4effffff,872a8bc04ffffff,9
872a8bc4effffff,872a8bc05ffffff,148
872a8bc4effffff,872a8bc06ffffff,1
872a8bc4effffff,872a8bc0cffffff,2
872a8bc4effffff,872a8bc15ffffff,2
872a8bc4effffff,872a8bc18ffffff,3
872a8bc4effffff,872a8bc1affffff,1
872a8bc4effffff,872a8bc1cffffff,4
872a8bc4effffff,872a8bc20ffffff,1
872a8bc4effffff,872a8bc21ffffff,28
872a8bc4effffff,872a8bc22ffffff,7
872a8bc4effffff,872a8bc23ffffff,71
872a8bc4effffff,872a8bc28ffffff,103
872a8bc4effffff,872a8bc2affffff,66
872a8bc4effffff,872a8bc2bffffff,17
872a8bc4effffff,872a8bc2cffffff,10
872a8bc4effffff,872a8bc2effffff,70
872a8bc4effffff,872a8bc31ffffff,3
872a8bc4effffff,872a8bc40ffffff,52
872a8bc4effffff,872a8bc41ffffff,433
872a8bc4effffff,872a8bc43ffffff,14
872a8bc4effffff,872a8bc44ffffff,7
872a8bc4effffff,872a8bc45ffffff,2
872a8bc4effffff,872a8bc48ffffff,231
872a8bc4effffff,872a8bc49ffffff,327
872a8bc4effffff,872a8bc4affffff,602
872a8bc4effffff,872a8bc4bffffff,1
872a8bc4effffff,872a8bc4cffffff,92
872a8bc4effffff,872a8bc4dffffff,7
872a8bc4effffff,872a8bc4effffff,488
872a8bc4effffff,872a8bc50ffffff,17
872a8bc4effffff,872a8bc51ffffff,20
872a8bc4effffff,872a8bc52ffffff,1
872a8bc4effffff,872a8bc53ffffff,2
872a8bc4effffff,872a8bc5bffffff,8
872a8bc4effffff,872a8bc5cffffff,14
872a8bc4effffff,872a8bc5dffffff,53
872a8bc4effffff,872a8bc62ffffff,59
872a8bc4effffff,872a8bc64ffffff,19
872a8bc4effffff,872a8bc68ffffff,2
872a8bc4effffff,872a8bc69ffffff,31
872a8bc4effffff,872a8bc6bffffff,14
872a8bc4effffff,872a8bc6effffff,3
872a8bc4effffff,872a8bc71ffffff,14
872a8bc4effffff,872a8bc74ffffff,1
872a8bc4effffff,872a8bc75ffffff,2
872a8bc4effffff,872a8bc76ffffff,1
872a8bc4effffff,872a8bc82ffffff,2
872a8bc4effffff,872a8bc83ffffff,1
872a8bc4effffff,872a8bc89ffffff,3
872a8bc4effffff,872a8bc8bffffff,47
872a8bc4effffff,872a8bc8effffff,5
872a8bc4effffff,872a8bca8ffffff,4
872a8bc4effffff,872a8bca9ffffff,2
872a8bc4effffff,872a8bcabffffff,245
872a8bc4effffff,872a8bcadffffff,4
872a8bc4effffff,872a8bcd0ffffff,3
872a8bc4effffff,872a8bcd1ffffff,1
872a8bc4effffff,872a8bcd2ffffff,36
872a8bc4effffff,872a8bcd6ffffff,49
872a8bc4effffff,872a8bcdaffffff,38
872a8bc4effffff,872a8bcddffffff,1
872a8bc4effffff,872a8bce1ffffff,1
872a8bc4effffff,872a8bce5ffffff,1
872a8bc4effffff,872a8bcebffffff,5
872a8bc4effffff,872a8bcedffffff,4
872a8bc4effffff,872a8bceeffffff,2
872a8bc4effffff,872a8bd48ffffff,8
872a8bc4effffff,872a8bd4affffff,1
872a8bc4effffff,872a8bd52ffffff,2
872a8bc4effffff,872a8bd53ffffff,11
872a8bc4effffff,872a8bd59ffffff,3
872a8bc4effffff,872a8bd5affffff,5
872a8bc4effffff,872a8bd5bffffff,1
872a8bc4effffff,872a8bd5effffff,2
872a8bc4effffff,872a8bd63ffffff,4
872a8bc4effffff,872a8bd6cffffff,3
872a8bc4effffff,872a8bd6effffff,4
872a8bc50ffffff,872a8b102ffffff,1
872a8bc50ffffff,872a8b104ffffff,6
872a8bc50ffffff,872a8b11effffff,5
872a8bc50ffffff,872a8b135ffffff,8
872a8bc50ffffff,872a8b195ffffff,3
872a8bc50ffffff,872a8b1a2ffffff,1
872a8bc50ffffff,872a8b525ffffff,6
872a8bc50ffffff,872a8b528ffffff,1
872a8bc50ffffff,872a8b575ffffff,2
872a8bc50ffffff,872a8bc00ffffff,3
872a8bc50ffffff,872a8bc01ffffff,8
872a8bc50ffffff,872a8bc04ffffff,2
872a8bc50ffffff,872a8bc05ffffff,16
872a8bc50ffffff,872a8bc15ffffff,2
872a8bc50ffffff,872a8bc1cffffff,2
872a8bc50ffffff,872a8bc1dffffff,8
872a8bc50ffffff,872a8bc21ffffff,6
872a8bc50ffffff,872a8bc23ffffff,4
872a8bc50ffffff,872a8bc28ffffff,8
872a8bc50ffffff,872a8bc2affffff,4
872a8bc50ffffff,872a8bc2cffffff,7
872a8bc50ffffff,872a8bc2effffff,3
872a8bc50ffffff,872a8bc41ffffff,10
872a8bc50ffffff,872a8bc45ffffff,2
872a8bc50ffffff,872a8bc48ffffff,1
872a8bc50ffffff,872a8bc4affffff,123
872a8bc50ffffff,872a8bc4cffffff,9
872a8bc50ffffff,872a8bc4dffffff,8
872a8bc50ffffff,872a8bc4effffff,11
872a8bc50ffffff,872a8bc50ffffff,4
872a8bc50ffffff,872a8bc5cffffff,1
872a8bc50ffffff,872a8bc5dffffff,11
872a8bc50ffffff,872a8bc62ffffff,1
872a8bc50ffffff,872a8bc64ffffff,2
872a8bc50ffffff,872a8bc74ffffff,2
872a8bc50ffffff,872a8bc76ffffff,3
872a8bc50ffffff,872a8bc8bffffff,4
872a8bc50ffffff,872a8bca8ffffff,6
872a8bc50ffffff,872a8bca9ffffff,3
872a8bc50ffffff,872a8bcabffffff,2
872a8bc50ffffff,872a8bcd2ffffff,1
872a8bc50ffffff,872a8bcd4ffffff,3
872a8bc50ffffff,872a8bcd6ffffff,1
872a8bc50ffffff,872a8bcdaffffff,1
872a8bc50ffffff,872a8bcdbffffff,2
872a8bc50ffffff,872a8bcdeffffff,1
872a8bc50ffffff,872a8bd52ffffff,2
872a8bc50ffffff,872a8bd53ffffff,13
872a8bc50ffffff,872a8bd59ffffff,1
872a8bc51ffffff,872a8b110ffffff,3
872a8bc51ffffff,872a8b135ffffff,3
872a8bc51ffffff,872a8b1adffffff,89
872a8bc51ffffff,872a8b521ffffff,10
872a8bc51ffffff,872a8b555ffffff,1
872a8bc51ffffff,872a8b574ffffff,1
872a8bc51ffffff,872a8bc00ffffff,1
872a8bc51ffffff,872a8bc01ffffff,13
872a8bc51ffffff,872a8bc05ffffff,22
872a8bc51ffffff,872a8bc1cffffff,10
872a8bc51ffffff,872a8bc1dffffff,3
872a8bc51ffffff,872a8bc20ffffff,1
872a8bc51ffffff,872a8bc21ffffff,8
872a8bc51ffffff,872a8bc22ffffff,1
872a8bc51ffffff,872a8bc23ffffff,10
872a8bc51ffffff,872a8bc28ffffff,3
872a8bc51ffffff,872a8bc2affffff,7
872a8bc51ffffff,872a8bc2cffffff,60
872a8bc51ffffff,872a8bc2effffff,57
872a8bc51ffffff,872a8bc41ffffff,16
872a8bc51ffffff,872a8bc44ffffff,173
872a8bc51ffffff,872a8bc48ffffff,458
872a8bc51ffffff,872a8bc4cffffff,200
872a8bc51ffffff,872a8bc4effffff,16
872a8bc51ffffff,872a8bc50ffffff,1
872a8bc51ffffff,872a8bc62ffffff,3
872a8bc51ffffff,872a8bc64ffffff,1
872a8bc51ffffff,872a8bc74ffffff,2
872a8bc51ffffff,872a8bc76ffffff,2
872a8bc51ffffff,872a8bc86ffffff,2
872a8bc51ffffff,872a8bca9ffffff,6
872a8bc51ffffff,872a8bcacffffff,1
872a8bc51ffffff,872a8bcd2ffffff,1
872a8bc51ffffff,872a8bcdbffffff,4
872a8bc51ffffff,872a8bcdeffffff,4
872a8bc51ffffff,872a8bce5ffffff,231
872a8bc51ffffff,872a8bcedffffff,2
872a8bc51ffffff,872a8bd50ffffff,2
872a8bc51ffffff,872a8bd53ffffff,8
872a8bc51ffffff,872a8bd6cffffff,1
872a8bc52ffffff,872a8b11effffff,1
872a8bc52ffffff,872a8b528ffffff,2
872a8bc52ffffff,872a8bc00ffffff,3
872a8bc52ffffff,872a8bc01ffffff,6
872a8bc52ffffff,872a8bc05ffffff,4
872a8bc52ffffff,872a8bc1cffffff,1
872a8bc52ffffff,872a8bc28ffffff,1
872a8bc52ffffff,872a8bc2affffff,3
872a8bc52ffffff,872a8bc2cffffff,1
872a8bc52ffffff,872a8bc2effffff,2
872a8bc52ffffff,872a8bc41ffffff,4
872a8bc52ffffff,872a8bc45ffffff,1
872a8bc52ffffff,872a8bc48ffffff,1
872a8bc52ffffff,872a8bc4cffffff,1
872a8bc52ffffff,872a8bc4dffffff,2
872a8bc52ffffff,872a8bc4effffff,2
872a8bc52ffffff,872a8bc5cffffff,2
872a8bc52ffffff,872a8bc5dffffff,2
872a8bc52ffffff,872a8bc8bffffff,2
872a8bc52ffffff,872a8bcdaffffff,3
872a8bc52ffffff,872a8bd53ffffff,2
872a8bc53ffffff,872a8bc01ffffff,7
872a8bc53ffffff,872a8bc1cffffff,42
872a8bc53ffffff,872a8bc41ffffff,1
872a8bc53ffffff,872a8bc4effffff,2
872a8bc53ffffff,872a8bcd2ffffff,3
872a8bc53ffffff,872a8bcf0ffffff,3
872a8bc56ffffff,872a8bc41ffffff,238
872a8bc56ffffff,872a8bc4affffff,32
872a8bc56ffffff,872a8bc56ffffff,2
872a8bc56ffffff,872a8bcd2ffffff,1
872a8bc59ffffff,872a8bc4affffff,89
872a8bc59ffffff,872a8bc59ffffff,1
872a8bc5affffff,872a8bc49ffffff,129
872a8bc5bffffff,872a8bc4effffff,9
872a8bc5cffffff,872a8bc28ffffff,2
872a8bc5cffffff,872a8bc41ffffff,1
872a8bc5cffffff,872a8bc4affffff,3
872a8bc5cffffff,872a8bc4effffff,14
872a8bc5cffffff,872a8bc50ffffff,1
872a8bc5cffffff,872a8bc52ffffff,2
872a8bc5dffffff,872a8bc28ffffff,4
872a8bc5dffffff,872a8bc2affffff,3
872a8bc5dffffff,872a8bc2bffffff,2
872a8bc5dffffff,872a8bc2effffff,26
872a8bc5dffffff,872a8bc41ffffff,186
872a8bc5dffffff,872a8bc48ffffff,11
872a8bc5dffffff,872a8bc49ffffff,152
872a8bc5dffffff,872a8bc4affffff,117
872a8bc5dffffff,872a8bc4effffff,71
872a8bc5dffffff,872a8bc50ffffff,11
872a8bc5dffffff,872a8bc52ffffff,2
872a8bc5dffffff,872a8bc5dffffff,3
872a8bc5dffffff,872a8bcd6ffffff,2
872a8bc5effffff,872a8bc2effffff,12
872a8bc5effffff,872a8bc41ffffff,1
872a8bc62ffffff,872a8bc28ffffff,2
872a8bc62ffffff,872a8bc2affffff,6
872a8bc62ffffff,872a8bc2bffffff,1
872a8bc62ffffff,872a8bc2effffff,3
872a8bc62ffffff,872a8bc41ffffff,2
872a8bc62ffffff,872a8bc44ffffff,2
872a8bc62ffffff,872a8bc48ffffff,1
872a8bc62ffffff,872a8bc4affffff,7
872a8bc62ffffff,872a8bc4effffff,61
872a8bc62ffffff,872a8bc50ffffff,1
872a8bc62ffffff,872a8bc51ffffff,4
872a8bc62ffffff,872a8bcd2ffffff,1
872a8bc62ffffff,872a8bcd6ffffff,1
872a8bc63ffffff,872a8bc48ffffff,1
872a8bc64ffffff,872a8bc28ffffff,1
872a8bc64ffffff,872a8bc2affffff,2
872a8bc64ffffff,872a8bc41ffffff,1
872a8bc64ffffff,872a8bc48ffffff,2
872a8bc64ffffff,872a8bc4affffff,1
872a8bc64ffffff,872a8bc4effffff,19
872a8bc64ffffff,872a8bc50ffffff,4
872a8bc64ffffff,872a8bc51ffffff,1
872a8bc64ffffff,872a8bcd2ffffff,2
872a8bc66ffffff,872a8bc2affffff,2
872a8bc66ffffff,872a8bc2bffffff,1
872a8bc66ffffff,872a8bc41ffffff,1
872a8bc66ffffff,872a8bc44ffffff,1
872a8bc68ffffff,872a8bc05ffffff,1
872a8bc68ffffff,872a8bc4affffff,2
872a8bc68ffffff,872a8bc4effffff,4
872a8bc69ffffff,872a8bc28ffffff,3
872a8bc69ffffff,872a8bc2affffff,2
872a8bc69ffffff,872a8bc2effffff,3
872a8bc69ffffff,872a8bc41ffffff,31
872a8bc69ffffff,872a8bc4affffff,2
872a8bc69ffffff,872a8bc4effffff,34
872a8bc6bffffff,872a8bc2affffff,1
872a8bc6bffffff,872a8bc4affffff,5
872a8bc6bffffff,872a8bc4effffff,13
872a8bc6effffff,872a8bc4effffff,4
872a8bc6effffff,872a8bcd2ffffff,1
872a8bc71ffffff,872a8bc2affffff,5
872a8bc71ffffff,872a8bc49ffffff,33
872a8bc71ffffff,872a8bc4affffff,1
872a8bc71ffffff,872a8bc4effffff,13
872a8bc71ffffff,872a8bc71ffffff,1
872a8bc72ffffff,872a8bcd6ffffff,1
872a8bc74ffffff,872a8bc28ffffff,1
872a8bc74ffffff,872a8bc2affffff,1
872a8bc74ffffff,872a8bc2effffff,3
872a8bc74ffffff,872a8bc4effffff,1
872a8bc74ffffff,872a8bc50ffffff,2
872a8bc74ffffff,872a8bc51ffffff,3
872a8bc75ffffff,872a8bc48ffffff,2
872a8bc75ffffff,872a8bc4affffff,3
872a8bc75ffffff,872a8bc4effffff,2
872a8bc76ffffff,872a8bc41ffffff,194
872a8bc76ffffff,872a8bc4effffff,1
872a8bc76ffffff,872a8bc50ffffff,3
872a8bc76ffffff,872a8bc51ffffff,3
872a8bc80ffffff,872a8bc2bffffff,1
872a8bc80ffffff,872a8bc2effffff,2
872a8bc80ffffff,872a8bcd2ffffff,1
872a8bc82ffffff,872a8bc2affffff,2
872a8bc82ffffff,872a8bc2effffff,1
872a8bc82ffffff,872a8bc4effffff,1
872a8bc82ffffff,872a8bcd2ffffff,3
872a8bc82ffffff,872a8bcd6ffffff,1
872a8bc83ffffff,872a8bc4effffff,1
872a8bc86ffffff,872a8bc51ffffff,2
872a8bc89ffffff,872a8bc05ffffff,6
872a8bc89ffffff,872a8bc2affffff,1
872a8bc89ffffff,872a8bc41ffffff,2
872a8bc89ffffff,872a8bc4effffff,3
872a8bc8affffff,872a8bc2affffff,24
872a8bc8bffffff,872a8bc23ffffff,23
872a8bc8bffffff,872a8bc28ffffff,3
872a8bc8bffffff,872a8bc2affffff,64
872a8bc8bffffff,872a8bc2bffffff,3
872a8bc8bffffff,872a8bc2effffff,18
872a8bc8bffffff,872a8bc41ffffff,3
872a8bc8bffffff,872a8bc48ffffff,1
872a8bc8bffffff,872a8bc4affffff,17
872a8bc8bffffff,872a8bc4effffff,47
872a8bc8bffffff,872a8bc50ffffff,4
872a8bc8bffffff,872a8bc52ffffff,2
872a8bc8bffffff,872a8bc89ffffff,1
872a8bc8bffffff,872a8bca8ffffff,1
872a8bc8bffffff,872a8bcd2ffffff,30
872a8bc8bffffff,872a8bcd6ffffff,1
872a8bc8bffffff,872a8bcdcffffff,1
872a8bc8cffffff,872a8bc2bffffff,1
872a8bc8effffff,872a8bc2affffff,60
872a8bc8effffff,872a8bc4effffff,5
872a8bca1ffffff,872a8bcd2ffffff,6
872a8bca2ffffff,872a8bc41ffffff,10
872a8bca2ffffff,872a8bca2ffffff,3
872a8bca5ffffff,872a8bcd2ffffff,1
872a8bca8ffffff,872a8bc28ffffff,3
872a8bca8ffffff,872a8bc2affffff,52
872a8bca8ffffff,872a8bc2bffffff,12
872a8bca8ffffff,872a8bc2effffff,22
872a8bca8ffffff,872a8bc48ffffff,2
872a8bca8ffffff,872a8bc4affffff,2
872a8bca8ffffff,872a8bc4effffff,5
872a8bca8ffffff,872a8bc50ffffff,6
872a8bca8ffffff,872a8bc8bffffff,1
872a8bca8ffffff,872a8bca8ffffff,1
872a8bca8ffffff,872a8bcd2ffffff,24
872a8bca9ffffff,872a8bc05ffffff,3
872a8bca9ffffff,872a8bc2affffff,151
872a8bca9ffffff,872a8bc41ffffff,150
872a8bca9ffffff,872a8bc49ffffff,153
872a8bca9ffffff,872a8bc4affffff,4
872a8bca9ffffff,872a8bc4effffff,2
872a8bca9ffffff,872a8bc50ffffff,3
872a8bca9ffffff,872a8bc51ffffff,7
872a8bca9ffffff,872a8bca9ffffff,3
872a8bca9ffffff,872a8bcd2ffffff,1
872a8bcabffffff,872a8bc41ffffff,90
872a8bcabffffff,872a8bc48ffffff,1
872a8bcabffffff,872a8bc4affffff,7
872a8bcabffffff,872a8bc4effffff,244
872a8bcabffffff,872a8bc50ffffff,2
872a8bcabffffff,872a8bcd2ffffff,9
872a8bcabffffff,872a8bcd6ffffff,2
872a8bcacffffff,872a8bc28ffffff,1
872a8bcacffffff,872a8bc51ffffff,1
872a8bcacffffff,872a8bcacffffff,7
872a8bcacffffff,872a8bcc2ffffff,251
872a8bcacffffff,872a8bcd2ffffff,7
872a8bcadffffff,872a8bc2affffff,27
872a8bcadffffff,872a8bc41ffffff,211
872a8bcadffffff,872a8bc4affffff,2
872a8bcadffffff,872a8bc4effffff,5
872a8bcadffffff,872a8bcadffffff,1
872a8bcadffffff,872a8bcd2ffffff,6
872a8bcadffffff,872a8bcd6ffffff,2
872a8bcaeffffff,872a8bc2affffff,3
872a8bcb0ffffff,872a8bc41ffffff,1
872a8bcb0ffffff,872a8bcb0ffffff,1
872a8bcc0ffffff,872a8bc4affffff,142
872a8bcc0ffffff,872a8bcc0ffffff,1
872a8bcc0ffffff,872a8bcd2ffffff,1
872a8bcc2ffffff,872a8bcacffffff,230
872a8bcd0ffffff,872a8bc4effffff,3
872a8bcd1ffffff,872a8bc41ffffff,135
872a8bcd1ffffff,872a8bc4effffff,1
872a8bcd1ffffff,872a8bcd1ffffff,1
872a8bcd2ffffff,872a8b136ffffff,2
872a8bcd2ffffff,872a8b1b5ffffff,1
872a8bcd2ffffff,872a8b521ffffff,17
872a8bcd2ffffff,872a8b525ffffff,13
872a8bcd2ffffff,872a8b528ffffff,1
872a8bcd2ffffff,872a8b565ffffff,4
872a8bcd2ffffff,872a8bc01ffffff,9
872a8bcd2ffffff,872a8bc04ffffff,3
872a8bcd2ffffff,872a8bc05ffffff,9
872a8bcd2ffffff,872a8bc1cffffff,10
872a8bcd2ffffff,872a8bc21ffffff,1
872a8bcd2ffffff,872a8bc28ffffff,6
872a8bcd2ffffff,872a8bc2affffff,18
872a8bcd2ffffff,872a8bc2cffffff,1
872a8bcd2ffffff,872a8bc2effffff,29
872a8bcd2ffffff,872a8bc40ffffff,1
872a8bcd2ffffff,872a8bc41ffffff,8
872a8bcd2ffffff,872a8bc48ffffff,14
872a8bcd2ffffff,872a8bc4affffff,2
872a8bcd2ffffff,872a8bc4cffffff,3
872a8bcd2ffffff,872a8bc4effffff,37
872a8bcd2ffffff,872a8bc50ffffff,2
872a8bcd2ffffff,872a8bc51ffffff,2
872a8bcd2ffffff,872a8bc53ffffff,3
872a8bcd2ffffff,872a8bc56ffffff,1
872a8bcd2ffffff,872a8bc62ffffff,1
872a8bcd2ffffff,872a8bc64ffffff,2
872a8bcd2ffffff,872a8bc6effffff,1
872a8bcd2ffffff,872a8bc80ffffff,1
872a8bcd2ffffff,872a8bc82ffffff,3
872a8bcd2ffffff,872a8bc8bffffff,28
872a8bcd2ffffff,872a8bca1ffffff,6
872a8bcd2ffffff,872a8bca5ffffff,1
872a8bcd2ffffff,872a8bca8ffffff,23
872a8bcd2ffffff,872a8bca9ffffff,1
872a8bcd2ffffff,872a8bcabffffff,9
872a8bcd2ffffff,872a8bcacffffff,7
872a8bcd2ffffff,872a8bcadffffff,4
872a8bcd2ffffff,872a8bcd2ffffff,7
872a8bcd2ffffff,872a8bcd4ffffff,21
872a8bcd2ffffff,872a8bcd6ffffff,15
872a8bcd2ffffff,872a8bcdaffffff,1
872a8bcd2ffffff,872a8bcdbffffff,2
872a8bcd2ffffff,872a8bcdcffffff,1
872a8bcd2ffffff,872a8bcdeffffff,1
872a8bcd2ffffff,872a8bce1ffffff,1
872a8bcd2ffffff,872a8bcf0ffffff,9
872a8bcd2ffffff,872a8bcf6ffffff,1
872a8bcd4ffffff,872a8b525ffffff,1
872a8bcd4ffffff,872a8bc28ffffff,4
872a8bcd4ffffff,872a8bc2affffff,2
872a8bcd4ffffff,872a8bc50ffffff,3
872a8bcd4ffffff,872a8bcd2ffffff,21
872a8bcd6ffffff,872a8b521ffffff,4
872a8bcd6ffffff,872a8bc05ffffff,2
872a8bcd6ffffff,872a8bc28ffffff,1
872a8bcd6ffffff,872a8bc2affffff,102
872a8bcd6ffffff,872a8bc2effffff,8
872a8bcd6ffffff,872a8bc48ffffff,5
872a8bcd6ffffff,872a8bc49ffffff,148
872a8bcd6ffffff,872a8bc4affffff,8
872a8bcd6ffffff,872a8bc4effffff,52
872a8bcd6ffffff,872a8bc50ffffff,1
872a8bcd6ffffff,872a8bc5dffffff,2
872a8bcd6ffffff,872a8bc62ffffff,1
872a8bcd6ffffff,872a8bc72ffffff,1
872a8bcd6ffffff,872a8bc82ffffff,1
872a8bcd6ffffff,872a8bc8bffffff,1
872a8bcd6ffffff,872a8bca9ffffff,2
872a8bcd6ffffff,872a8bcabffffff,2
872a8bcd6ffffff,872a8bcadffffff,2
872a8bcd6ffffff,872a8bcd2ffffff,17
872a8bcd6ffffff,872a8bcd6ffffff,4
872a8bcdaffffff,872a8bc2affffff,1
872a8bcdaffffff,872a8bc2effffff,2
872a8bcdaffffff,872a8bc4effffff,39
872a8bcdaffffff,872a8bc50ffffff,1
872a8bcdaffffff,872a8bc52ffffff,3
872a8bcdaffffff,872a8bcd2ffffff,1
872a8bcdbffffff,872a8bc50ffffff,2
872a8bcdbffffff,872a8bc51ffffff,5
872a8bcdbffffff,872a8bcd2ffffff,3
872a8bcdcffffff,872a8bc49ffffff,28
872a8bcdcffffff,872a8bc8bffffff,1
872a8bcdcffffff,872a8bcd2ffffff,1
872a8bcddffffff,872a8bc48ffffff,2
872a8bcddffffff,872a8bc4effffff,1
872a8bcdeffffff,872a8bc50ffffff,1
872a8bcdeffffff,872a8bc51ffffff,4
872a8bcdeffffff,872a8bcd2ffffff,1
872a8bce0ffffff,872a8bc49ffffff,143
872a8bce0ffffff,872a8bce0ffffff,2
872a8bce1ffffff,872a8bc2bffffff,1
872a8bce1ffffff,872a8bc41ffffff,1
872a8bce1ffffff,872a8bc48ffffff,5
872a8bce1ffffff,872a8bc4effffff,1
872a8bce1ffffff,872a8bcd2ffffff,1
872a8bce2ffffff,872a8bc2effffff,2
872a8bce5ffffff,872a8bc4effffff,2
872a8bce5ffffff,872a8bc51ffffff,230
872a8bce5ffffff,872a8bce5ffffff,2
872a8bcebffffff,872a8bc4effffff,5
872a8bcedffffff,872a8bc2effffff,10
872a8bcedffffff,872a8bc4effffff,4
872a8bcedffffff,872a8bc51ffffff,5
872a8bceeffffff,872a8bc4affffff,1
872a8bceeffffff,872a8bc4effffff,2
872a8bcf0ffffff,872a8bc49ffffff,36
872a8bcf0ffffff,872a8bc53ffffff,4
872a8bcf0ffffff,872a8bcd2ffffff,10
872a8bcf0ffffff,872a8bcf0ffffff,1
872a8bcf3ffffff,872a8bc2affffff,2
872a8bcf3ffffff,872a8bc51ffffff,1
872a8bcf5ffffff,872a8bc2affffff,1
872a8bcf5ffffff,872a8bc2bffffff,2
872a8bcf6ffffff,872a8bc89ffffff,1
872a8bd41ffffff,872a8bc28ffffff,1
872a8bd41ffffff,872a8bc2effffff,6
872a8bd42ffffff,872a8bc2affffff,141
872a8bd42ffffff,872a8bd42ffffff,2
872a8bd48ffffff,872a8bc2effffff,1
872a8bd48ffffff,872a8bc41ffffff,2
872a8bd48ffffff,872a8bc4effffff,8
872a8bd4affffff,872a8bc4effffff,1
872a8bd50ffffff,872a8bc2affffff,5
872a8bd50ffffff,872a8bc2cffffff,4
872a8bd50ffffff,872a8bc2effffff,2
872a8bd50ffffff,872a8bc41ffffff,62
872a8bd50ffffff,872a8bc4affffff,2
872a8bd50ffffff,872a8bc51ffffff,2
872a8bd52ffffff,872a8bc28ffffff,1
872a8bd52ffffff,872a8bc2affffff,1
872a8bd52ffffff,872a8bc2effffff,12
872a8bd52ffffff,872a8bc41ffffff,277
872a8bd52ffffff,872a8bc48ffffff,4
872a8bd52ffffff,872a8bc4affffff,1
872a8bd52ffffff,872a8bc4effffff,2
872a8bd52ffffff,872a8bc50ffffff,2
872a8bd52ffffff,872a8bc51ffffff,2
872a8bd53ffffff,872a8bc04ffffff,207
872a8bd53ffffff,872a8bc23ffffff,17
872a8bd53ffffff,872a8bc28ffffff,6
872a8bd53ffffff,872a8bc2affffff,17
872a8bd53ffffff,872a8bc2bffffff,16
872a8bd53ffffff,872a8bc2effffff,104
872a8bd53ffffff,872a8bc41ffffff,27
872a8bd53ffffff,872a8bc44ffffff,2
872a8bd53ffffff,872a8bc4affffff,3
872a8bd53ffffff,872a8bc4effffff,12
872a8bd53ffffff,872a8bc50ffffff,13
872a8bd53ffffff,872a8bc51ffffff,9
872a8bd53ffffff,872a8bc52ffffff,2
872a8bd53ffffff,872a8bd53ffffff,1
872a8bd58ffffff,872a8bc2affffff,132
872a8bd58ffffff,872a8bc2effffff,1
872a8bd59ffffff,872a8bc48ffffff,1
872a8bd59ffffff,872a8bc4effffff,3
872a8bd59ffffff,872a8bc50ffffff,1
872a8bd59ffffff,872a8bc51ffffff,1
872a8bd5affffff,872a8bc2effffff,10
872a8bd5affffff,872a8bc4affffff,1
872a8bd5affffff,872a8bc4effffff,5
872a8bd5affffff,872a8bd5affffff,1
872a8bd5bffffff,872a8bc2bffffff,12
872a8bd5bffffff,872a8bc2effffff,6
872a8bd5bffffff,872a8bc4affffff,9
872a8bd5bffffff,872a8bc4effffff,1
872a8bd5bffffff,872a8bd5bffffff,1
872a8bd5cffffff,872a8bc28ffffff,1
872a8bd5cffffff,872a8bc2effffff,3
872a8bd5effffff,872a8bc4affffff,1
872a8bd5effffff,872a8bc4effffff,2
872a8bd63ffffff,872a8bc2affffff,2
872a8bd63ffffff,872a8bc2effffff,1
872a8bd63ffffff,872a8bc4effffff,3
872a8bd6cffffff,872a8bc28ffffff,1
872a8bd6cffffff,872a8bc2affffff,8
872a8bd6cffffff,872a8bc2cffffff,20
872a8bd6cffffff,872a8bc2effffff,1
872a8bd6cffffff,872a8bc40ffffff,1
872a8bd6cffffff,872a8bc4effffff,3
872a8bd6cffffff,872a8bc51ffffff,1
872a8bd6effffff,872a8bc48ffffff,1
872a8bd6effffff,872a8bc4effffff,4
