o_hex,d_hex,trips,travel_time
872a8b102ffffff,872a8bc28ffffff,1,37
872a8b102ffffff,872a8bc2affffff,5,36
872a8b102ffffff,872a8bc2bffffff,1,32
872a8b102ffffff,872a8bc2effffff,3,34
872a8b102ffffff,872a8bc41ffffff,2,23
872a8b102ffffff,872a8bc49ffffff,150,18
872a8b102ffffff,872a8bc4affffff,2,20
872a8b102ffffff,872a8bc4effffff,27,22
872a8b102ffffff,872a8bc50ffffff,1,33
872a8b104ffffff,872a8bc41ffffff,210,21
872a8b104ffffff,872a8bc4effffff,3,20
872a8b104ffffff,872a8bc50ffffff,6,31
872a8b110ffffff,872a8bc2bffffff,2,27
872a8b110ffffff,872a8bc41ffffff,7,16
872a8b110ffffff,872a8bc44ffffff,1,19
872a8b110ffffff,872a8bc4affffff,1,12
872a8b110ffffff,872a8bc4effffff,10,15
872a8b110ffffff,872a8bc51ffffff,3,20
872a8b112ffffff,872a8bc4effffff,1,19
872a8b113ffffff,872a8bc4affffff,5,14
872a8b113ffffff,872a8bc4effffff,7,17
872a8b114ffffff,872a8bc2affffff,1,25
872a8b114ffffff,872a8bc2effffff,2,24
872a8b114ffffff,872a8bc40ffffff,5,17
872a8b114ffffff,872a8bc41ffffff,30,12
872a8b116ffffff,872a8b116ffffff,1,0
872a8b116ffffff,872a8bc48ffffff,2,12
872a8b116ffffff,872a8bc4affffff,1,10
872a8b116ffffff,872a8bc4effffff,12,13
872a8b11effffff,872a8bc4affffff,101,16
872a8b11effffff,872a8bc4effffff,12,19
872a8b11effffff,872a8bc50ffffff,5,30
872a8b11effffff,872a8bc52ffffff,1,31
872a8b12affffff,872a8bc2affffff,1,39
872a8b12affffff,872a8bc41ffffff,1,26
872a8b12affffff,872a8bc4effffff,9,25
872a8b130ffffff,872a8bc4effffff,1,18
872a8b132ffffff,872a8bc4effffff,78,13
872a8b134ffffff,872a8bc4affffff,1,16
872a8b135ffffff,872a8bc4effffff,4,28
872a8b135ffffff,872a8bc50ffffff,8,41
872a8b135ffffff,872a8bc51ffffff,4,36
872a8b136ffffff,872a8bc41ffffff,1,16
872a8b136ffffff,872a8bc4affffff,15,18
872a8b136ffffff,872a8bc4effffff,16,18
872a8b136ffffff,872a8bcd2ffffff,3,44
872a8b185ffffff,872a8bc28ffffff,1,40
872a8b185ffffff,872a8bc2effffff,1,37
872a8b185ffffff,872a8bc4effffff,1,25
872a8b195ffffff,872a8bc40ffffff,9,27
872a8b195ffffff,872a8bc4effffff,1,22
872a8b195ffffff,872a8bc50ffffff,3,31
872a8b1a2ffffff,872a8bc2affffff,1,30
872a8b1a2ffffff,872a8bc41ffffff,1,16
872a8b1a2ffffff,872a8bc4effffff,5,16
872a8b1a2ffffff,872a8bc50ffffff,2,25
872a8b1a4ffffff,872a8bc41ffffff,69,10
872a8b1a6ffffff,872a8bc41ffffff,61,14
872a8b1a6ffffff,872a8bc4affffff,1,9
872a8b1a6ffffff,872a8bc4effffff,10,14
872a8b1adffffff,872a8bc48ffffff,1,15
872a8b1adffffff,872a8bc51ffffff,91,22
872a8b1aeffffff,872a8bc2affffff,7,41
872a8b1b5ffffff,872a8bcd2ffffff,1,35
872a8b520ffffff,872a8b520ffffff,1,0
872a8b520ffffff,872a8bc41ffffff,93,39
872a8b521ffffff,872a8b521ffffff,2,0
872a8b521ffffff,872a8bc2affffff,12,31
872a8b521ffffff,872a8bc2effffff,1,34
872a8b521ffffff,872a8bc4affffff,54,34
872a8b521ffffff,872a8bc4effffff,15,34
872a8b521ffffff,872a8bc51ffffff,10,28
872a8b521ffffff,872a8bcd2ffffff,21,6
872a8b525ffffff,872a8b525ffffff,1,0
872a8b525ffffff,872a8bc28ffffff,1,34
872a8b525ffffff,872a8bc2affffff,1,28
872a8b525ffffff,872a8bc4effffff,2,35
872a8b525ffffff,872a8bc50ffffff,6,30
872a8b525ffffff,872a8bcd2ffffff,20,6
872a8b525ffffff,872a8bcd4ffffff,1,13
872a8b526ffffff,872a8bc4affffff,2,43
872a8b528ffffff,872a8bc50ffffff,1,36
872a8b528ffffff,872a8bc52ffffff,2,30
872a8b528ffffff,872a8bcd2ffffff,1,14
872a8b52affffff,872a8bc23ffffff,1,48
872a8b555ffffff,872a8bc51ffffff,1,38
872a8b562ffffff,872a8bc4affffff,3,39
872a8b562ffffff,872a8bc4effffff,4,45
872a8b564ffffff,872a8bc89ffffff,2,30
872a8b565ffffff,872a8bc4affffff,1,28
872a8b565ffffff,872a8bcd2ffffff,4,28
872a8b574ffffff,872a8b574ffffff,2,0
872a8b574ffffff,872a8bc2effffff,1,43
872a8b574ffffff,872a8bc49ffffff,165,46
872a8b574ffffff,872a8bc51ffffff,1,38
872a8b575ffffff,872a8bc50ffffff,2,33
872a8b891ffffff,872a8bc2effffff,11,28
872a8b893ffffff,872a8bc4effffff,3,15
872a8b896ffffff,872a8bc28ffffff,2,27
872a8b896ffffff,872a8bc2affffff,1,26
872a8b896ffffff,872a8bc2bffffff,2,22
872a8b896ffffff,872a8bc2effffff,5,24
872a8b896ffffff,872a8bc4effffff,1,17
872a8b89affffff,872a8bc2affffff,7,32
872a8b89affffff,872a8bc4effffff,16,20
872a8b89bffffff,872a8b114ffffff,5,21
872a8b89bffffff,872a8b89bffffff,1,0
872a8b89bffffff,872a8bc2affffff,4,36
872a8b89bffffff,872a8bc40ffffff,3,28
872a8b89bffffff,872a8bc44ffffff,3,25
872a8b89bffffff,872a8bc4effffff,11,24
872a8b89bffffff,872a8bcd6ffffff,1,54
872a8b89effffff,872a8bc2affffff,1,31
872a8b89effffff,872a8bc4affffff,2,23
872a8b8b6ffffff,872a8b8b6ffffff,1,0
872a8b8b6ffffff,872a8bc2effffff,28,28
872a8bc00ffffff,872a8bc00ffffff,2,0
872a8bc00ffffff,872a8bc2affffff,7,11
872a8bc00ffffff,872a8bc2effffff,10,13
872a8bc00ffffff,872a8bc41ffffff,121,23
872a8bc00ffffff,872a8bc4affffff,1,28
872a8bc00ffffff,872a8bc4effffff,3,29
872a8bc00ffffff,872a8bc50ffffff,3,25
872a8bc00ffffff,872a8bc51ffffff,1,25
872a8bc00ffffff,872a8bc52ffffff,4,24
872a8bc01ffffff,872a8bc01ffffff,4,0
872a8bc01ffffff,872a8bc23ffffff,26,12
872a8bc01ffffff,872a8bc28ffffff,17,14
872a8bc01ffffff,872a8bc2affffff,389,8
872a8bc01ffffff,872a8bc2bffffff,6,12
872a8bc01ffffff,872a8bc2cffffff,2,13
872a8bc01ffffff,872a8bc2effffff,64,11
872a8bc01ffffff,872a8bc41ffffff,15,21
872a8bc01ffffff,872a8bc44ffffff,1,19
872a8bc01ffffff,872a8bc49ffffff,152,29
872a8bc01ffffff,872a8bc4affffff,8,25
872a8bc01ffffff,872a8bc4effffff,72,26
872a8bc01ffffff,872a8bc50ffffff,12,23
872a8bc01ffffff,872a8bc51ffffff,13,22
872a8bc01ffffff,872a8bc52ffffff,7,22
872a8bc01ffffff,872a8bc53ffffff,9,22
872a8bc01ffffff,872a8bcd2ffffff,10,26
872a8bc01ffffff,872a8bcd6ffffff,1,23
872a8bc03ffffff,872a8bc2affffff,2,12
872a8bc03ffffff,872a8bc2cffffff,2,18
872a8bc03ffffff,872a8bc4effffff,1,27
872a8bc04ffffff,872a8bc04ffffff,1,0
872a8bc04ffffff,872a8bc23ffffff,28,8
872a8bc04ffffff,872a8bc28ffffff,4,15
872a8bc04ffffff,872a8bc2affffff,12,8
872a8bc04ffffff,872a8bc2effffff,15,10
872a8bc04ffffff,872a8bc4effffff,10,26
872a8bc04ffffff,872a8bc50ffffff,3,25
872a8bc04ffffff,872a8bcd2ffffff,4,31
872a8bc04ffffff,872a8bd53ffffff,172,15
872a8bc05ffffff,872a8bc05ffffff,13,0
872a8bc05ffffff,872a8bc23ffffff,29,6
872a8bc05ffffff,872a8bc28ffffff,44,12
872a8bc05ffffff,872a8bc2affffff,326,5
872a8bc05ffffff,872a8bc2bffffff,25,10
872a8bc05ffffff,872a8bc2cffffff,22,9
872a8bc05ffffff,872a8bc2effffff,177,7
872a8bc05ffffff,872a8bc40ffffff,2,20
872a8bc05ffffff,872a8bc41ffffff,364,18
872a8bc05ffffff,872a8bc44ffffff,1,16
872a8bc05ffffff,872a8bc48ffffff,23,26
872a8bc05ffffff,872a8bc49ffffff,185,26
872a8bc05ffffff,872a8bc4affffff,52,23
872a8bc05ffffff,872a8bc4dffffff,3,25
872a8bc05ffffff,872a8bc4effffff,162,24
872a8bc05ffffff,872a8bc50ffffff,17,23
872a8bc05ffffff,872a8bc51ffffff,30,22
872a8bc05ffffff,872a8bc52ffffff,6,21
872a8bc05ffffff,872a8bc68ffffff,1,23
872a8bc05ffffff,872a8bc89ffffff,6,25
872a8bc05ffffff,872a8bca9ffffff,2,20
872a8bc05ffffff,872a8bcd2ffffff,9,28
872a8bc05ffffff,872a8bcd6ffffff,2,26
872a8bc06ffffff,872a8bc06ffffff,1,0
872a8bc06ffffff,872a8bc2affffff,1,14
872a8bc06ffffff,872a8bc2effffff,6,14
872a8bc06ffffff,872a8bc48ffffff,2,35
872a8bc06ffffff,872a8bc4effffff,1,32
872a8bc08ffffff,872a8bc41ffffff,9,18
872a8bc08ffffff,872a8bc50ffffff,1,16
872a8bc0cffffff,872a8bc2effffff,1,9
872a8bc0cffffff,872a8bc41ffffff,1,15
872a8bc0cffffff,872a8bc4effffff,3,20
872a8bc0dffffff,872a8bc0dffffff,1,0
872a8bc0dffffff,872a8bc2bffffff,1,11
872a8bc0dffffff,872a8bc4affffff,6,21
872a8bc11ffffff,872a8bc11ffffff,1,0
872a8bc11ffffff,872a8bc49ffffff,93,37
872a8bc15ffffff,872a8bc28ffffff,1,28
872a8bc15ffffff,872a8bc2effffff,3,24
872a8bc15ffffff,872a8bc4effffff,2,37
872a8bc15ffffff,872a8bc50ffffff,2,33
872a8bc18ffffff,872a8bc4effffff,3,27
872a8bc1affffff,872a8bc28ffffff,12,23
872a8bc1affffff,872a8bc2affffff,20,18
872a8bc1affffff,872a8bc4effffff,1,32
872a8bc1bffffff,872a8bc4affffff,1,35
872a8bc1cffffff,872a8bc28ffffff,2,22
872a8bc1cffffff,872a8bc2affffff,5,16
872a8bc1cffffff,872a8bc2bffffff,1,18
872a8bc1cffffff,872a8bc2cffffff,1,22
872a8bc1cffffff,872a8bc2effffff,15,19
872a8bc1cffffff,872a8bc44ffffff,2,24
872a8bc1cffffff,872a8bc4effffff,4,32
872a8bc1cffffff,872a8bc50ffffff,2,28
872a8bc1cffffff,872a8bc51ffffff,12,28
872a8bc1cffffff,872a8bc52ffffff,1,27
872a8bc1cffffff,872a8bc53ffffff,43,28
872a8bc1cffffff,872a8bcd2ffffff,8,27
872a8bc1dffffff,872a8bc2bffffff,8,11
872a8bc1dffffff,872a8bc2effffff,2,13
872a8bc1dffffff,872a8bc41ffffff,1,19
872a8bc1dffffff,872a8bc50ffffff,13,22
872a8bc1dffffff,872a8bc51ffffff,9,21
872a8bc20ffffff,872a8bc20ffffff,1,0
872a8bc20ffffff,872a8bc23ffffff,35,9
872a8bc20ffffff,872a8bc28ffffff,2,17
872a8bc20ffffff,872a8bc2affffff,12,14
872a8bc20ffffff,872a8bc2bffffff,9,15
872a8bc20ffffff,872a8bc2cffffff,4,14
872a8bc20ffffff,872a8bc2effffff,27,11
872a8bc20ffffff,872a8bc4affffff,2,28
872a8bc20ffffff,872a8bc4effffff,1,29
872a8bc20ffffff,872a8bc51ffffff,2,30
872a8bc21ffffff,872a8bc21ffffff,1,0
872a8bc21ffffff,872a8bc28ffffff,6,13
872a8bc21ffffff,872a8bc2affffff,20,10
872a8bc21ffffff,872a8bc2bffffff,6,11
872a8bc21ffffff,872a8bc2cffffff,7,6
872a8bc21ffffff,872a8bc2effffff,36,6
872a8bc21ffffff,872a8bc41ffffff,4,19
872a8bc21ffffff,872a8bc48ffffff,6,28
872a8bc21ffffff,872a8bc4affffff,3,24
872a8bc21ffffff,872a8bc4effffff,27,25
872a8bc21ffffff,872a8bc50ffffff,6,27
872a8bc21ffffff,872a8bc51ffffff,9,26
872a8bc21ffffff,872a8bcd2ffffff,1,35
872a8bc22ffffff,872a8bc2affffff,1,11
872a8bc22ffffff,872a8bc2cffffff,1,12
872a8bc22ffffff,872a8bc41ffffff,2,21
872a8bc22ffffff,872a8bc48ffffff,2,29
872a8bc22ffffff,872a8bc4effffff,7,26
872a8bc22ffffff,872a8bc51ffffff,1,27
872a8bc23ffffff,872a8b52affffff,1,47
872a8bc23ffffff,872a8bc00ffffff,220,11
872a8bc23ffffff,872a8bc01ffffff,25,11
872a8bc23ffffff,872a8bc04ffffff,28,8
872a8bc23ffffff,872a8bc05ffffff,29,5
872a8bc23ffffff,872a8bc06ffffff,2,13
872a8bc23ffffff,872a8bc1dffffff,1,15
872a8bc23ffffff,872a8bc20ffffff,34,10
872a8bc23ffffff,872a8bc23ffffff,5,0
872a8bc23ffffff,872a8bc28ffffff,4,12
872a8bc23ffffff,872a8bc2affffff,117,8
872a8bc23ffffff,872a8bc2bffffff,3,9
872a8bc23ffffff,872a8bc2cffffff,19,9
872a8bc23ffffff,872a8bc2effffff,32,5
872a8bc23ffffff,872a8bc41ffffff,147,18
872a8bc23ffffff,872a8bc43ffffff,4,23
872a8bc23ffffff,872a8bc48ffffff,2,26
872a8bc23ffffff,872a8bc4affffff,26,23
872a8bc23ffffff,872a8bc4effffff,73,23
872a8bc23ffffff,872a8bc50ffffff,4,25
872a8bc23ffffff,872a8bc51ffffff,10,24
872a8bc23ffffff,872a8bc8bffffff,23,29
872a8bc23ffffff,872a8bd53ffffff,17,11
872a8bc28ffffff,872a8b102ffffff,1,37
872a8bc28ffffff,872a8b185ffffff,1,39
872a8bc28ffffff,872a8b525ffffff,1,35
872a8bc28ffffff,872a8b896ffffff,2,27
872a8bc28ffffff,872a8bc01ffffff,16,15
872a8bc28ffffff,872a8bc04ffffff,3,15
872a8bc28ffffff,872a8bc05ffffff,39,12
872a8bc28ffffff,872a8bc15ffffff,1,28
872a8bc28ffffff,872a8bc1affffff,11,24
872a8bc28ffffff,872a8bc1cffffff,2,22
872a8bc28ffffff,872a8bc20ffffff,1,17
872a8bc28ffffff,872a8bc21ffffff,6,13
872a8bc28ffffff,872a8bc23ffffff,4,11
872a8bc28ffffff,872a8bc28ffffff,25,0
872a8bc28ffffff,872a8bc2affffff,194,10
872a8bc28ffffff,872a8bc2bffffff,2,10
872a8bc28ffffff,872a8bc2cffffff,30,12
872a8bc28ffffff,872a8bc2effffff,172,9
872a8bc28ffffff,872a8bc41ffffff,10,18
872a8bc28ffffff,872a8bc44ffffff,2,17
872a8bc28ffffff,872a8bc48ffffff,11,27
872a8bc28ffffff,872a8bc4affffff,44,23
872a8bc28ffffff,872a8bc4cffffff,1,23
872a8bc28ffffff,872a8bc4dffffff,1,26
872a8bc28ffffff,872a8bc4effffff,102,24
872a8bc28ffffff,872a8bc50ffffff,9,25
872a8bc28ffffff,872a8bc51ffffff,3,25
872a8bc28ffffff,872a8bc52ffffff,1,24
872a8bc28ffffff,872a8bc5cffffff,2,25
872a8bc28ffffff,872a8bc5dffffff,4,22
872a8bc28ffffff,872a8bc62ffffff,2,18
872a8bc28ffffff,872a8bc64ffffff,1,20
872a8bc28ffffff,872a8bc69ffffff,3,27
872a8bc28ffffff,872a8bc8bffffff,4,31
872a8bc28ffffff,872a8bca8ffffff,3,29
872a8bc28ffffff,872a8bcacffffff,1,35
872a8bc28ffffff,872a8bcd2ffffff,7,34
872a8bc28ffffff,872a8bcd4ffffff,4,32
872a8bc28ffffff,872a8bcd6ffffff,1,31
872a8bc28ffffff,872a8bd41ffffff,1,31
872a8bc28ffffff,872a8bd52ffffff,1,19
872a8bc28ffffff,872a8bd53ffffff,6,14
872a8bc28ffffff,872a8bd5cffffff,1,32
872a8bc28ffffff,872a8bd6cffffff,1,32
872a8bc2affffff,872a8b102ffffff,5,35
872a8bc2affffff,872a8b12affffff,1,38
872a8bc2affffff,872a8b1a2ffffff,1,28
872a8bc2affffff,872a8b1aeffffff,7,38
872a8bc2affffff,872a8b521ffffff,12,32
872a8bc2affffff,872a8b525ffffff,1,30
872a8bc2affffff,872a8b896ffffff,1,25
872a8bc2affffff,872a8b89affffff,7,30
872a8bc2affffff,872a8b89bffffff,6,35
872a8bc2affffff,872a8b89effffff,1,30
872a8bc2affffff,872a8bc00ffffff,7,11
872a8bc2affffff,872a8bc01ffffff,382,8
872a8bc2affffff,872a8bc03ffffff,2,13
872a8bc2affffff,872a8bc04ffffff,8,8
872a8bc2affffff,872a8bc05ffffff,311,5
872a8bc2affffff,872a8bc06ffffff,1,14
872a8bc2affffff,872a8bc1affffff,10,19
872a8bc2affffff,872a8bc1cffffff,5,16
872a8bc2affffff,872a8bc20ffffff,12,14
872a8bc2affffff,872a8bc21ffffff,18,10
872a8bc2affffff,872a8bc22ffffff,1,11
872a8bc2affffff,872a8bc23ffffff,111,8
872a8bc2affffff,872a8bc28ffffff,188,10
872a8bc2affffff,872a8bc2affffff,31,0
872a8bc2affffff,872a8bc2bffffff,2,7
872a8bc2affffff,872a8bc2cffffff,39,8
872a8bc2affffff,872a8bc2effffff,148,6
872a8bc2affffff,872a8bc31ffffff,147,10
872a8bc2affffff,872a8bc40ffffff,6,18
872a8bc2affffff,872a8bc41ffffff,108,16
872a8bc2affffff,872a8bc44ffffff,3,14
872a8bc2affffff,872a8bc48ffffff,180,24
872a8bc2affffff,872a8bc4affffff,9,21
872a8bc2affffff,872a8bc4bffffff,1,24
872a8bc2affffff,872a8bc4cffffff,6,21
872a8bc2affffff,872a8bc4dffffff,1,23
872a8bc2affffff,872a8bc4effffff,67,21
872a8bc2affffff,872a8bc50ffffff,4,23
872a8bc2affffff,872a8bc51ffffff,6,22
872a8bc2affffff,872a8bc52ffffff,3,21
872a8bc2affffff,872a8bc5dffffff,3,20
872a8bc2affffff,872a8bc62ffffff,6,16
872a8bc2affffff,872a8bc64ffffff,2,18
872a8bc2affffff,872a8bc66ffffff,2,18
872a8bc2affffff,872a8bc69ffffff,2,25
872a8bc2affffff,872a8bc6bffffff,1,20
872a8bc2affffff,872a8bc71ffffff,3,12
872a8bc2affffff,872a8bc74ffffff,1,16
872a8bc2affffff,872a8bc82ffffff,2,33
872a8bc2affffff,872a8bc89ffffff,1,26
872a8bc2affffff,872a8bc8affffff,23,33
872a8bc2affffff,872a8bc8bffffff,62,26
872a8bc2affffff,872a8bc8effffff,51,35
872a8bc2affffff,872a8bca8ffffff,53,23
872a8bc2affffff,872a8bca9ffffff,148,20
872a8bc2affffff,872a8bcadffffff,25,29
872a8bc2affffff,872a8bcaeffffff,3,27
872a8bc2affffff,872a8bcd2ffffff,17,29
872a8bc2affffff,872a8bcd4ffffff,2,27
872a8bc2affffff,872a8bcd6ffffff,98,26
872a8bc2affffff,872a8bcdaffffff,1,29
872a8bc2affffff,872a8bcf3ffffff,2,27
872a8bc2affffff,872a8bcf5ffffff,1,23
872a8bc2affffff,872a8bd42ffffff,136,23
872a8bc2affffff,872a8bd50ffffff,5,17
872a8bc2affffff,872a8bd52ffffff,1,15
872a8bc2affffff,872a8bd53ffffff,17,11
872a8bc2affffff,872a8bd58ffffff,128,22
872a8bc2affffff,872a8bd63ffffff,2,31
872a8bc2affffff,872a8bd6cffffff,9,28
872a8bc2bffffff,872a8b102ffffff,1,32
872a8bc2bffffff,872a8b110ffffff,2,26
872a8bc2bffffff,872a8b896ffffff,2,22
872a8bc2bffffff,872a8bc01ffffff,5,13
872a8bc2bffffff,872a8bc05ffffff,24,10
872a8bc2bffffff,872a8bc0dffffff,1,11
872a8bc2bffffff,872a8bc1cffffff,1,17
872a8bc2bffffff,872a8bc1dffffff,2,12
872a8bc2bffffff,872a8bc20ffffff,10,15
872a8bc2bffffff,872a8bc21ffffff,6,11
872a8bc2bffffff,872a8bc23ffffff,5,9
872a8bc2bffffff,872a8bc28ffffff,2,10
872a8bc2bffffff,872a8bc2affffff,2,9
872a8bc2bffffff,872a8bc2cffffff,3,10
872a8bc2bffffff,872a8bc2effffff,5,7
872a8bc2bffffff,872a8bc41ffffff,11,13
872a8bc2bffffff,872a8bc48ffffff,7,21
872a8bc2bffffff,872a8bc4cffffff,8,18
872a8bc2bffffff,872a8bc4effffff,16,19
872a8bc2bffffff,872a8bc5dffffff,2,17
872a8bc2bffffff,872a8bc62ffffff,1,13
872a8bc2bffffff,872a8bc66ffffff,1,15
872a8bc2bffffff,872a8bc80ffffff,1,34
872a8bc2bffffff,872a8bc8bffffff,3,26
872a8bc2bffffff,872a8bc8cffffff,1,31
872a8bc2bffffff,872a8bca8ffffff,10,24
872a8bc2bffffff,872a8bcf5ffffff,2,24
872a8bc2bffffff,872a8bd53ffffff,16,12
872a8bc2bffffff,872a8bd5bffffff,12,17
872a8bc2cffffff,872a8bc01ffffff,1,14
872a8bc2cffffff,872a8bc03ffffff,2,18
872a8bc2cffffff,872a8bc05ffffff,20,10
872a8bc2cffffff,872a8bc20ffffff,4,14
872a8bc2cffffff,872a8bc21ffffff,6,6
872a8bc2cffffff,872a8bc22ffffff,1,11
872a8bc2cffffff,872a8bc23ffffff,20,8
872a8bc2cffffff,872a8bc28ffffff,31,12
872a8bc2cffffff,872a8bc2affffff,39,9
872a8bc2cffffff,872a8bc2bffffff,2,10
872a8bc2cffffff,872a8bc2effffff,14,6
872a8bc2cffffff,872a8bc33ffffff,6,16
872a8bc2cffffff,872a8bc41ffffff,229,18
872a8bc2cffffff,872a8bc48ffffff,4,27
872a8bc2cffffff,872a8bc4affffff,1,23
872a8bc2cffffff,872a8bc4effffff,11,24
872a8bc2cffffff,872a8bc50ffffff,8,25
872a8bc2cffffff,872a8bc51ffffff,72,25
872a8bc2cffffff,872a8bc52ffffff,1,24
872a8bc2cffffff,872a8bc89ffffff,1,31
872a8bc2cffffff,872a8bcd2ffffff,1,34
872a8bc2cffffff,872a8bd50ffffff,4,13
872a8bc2cffffff,872a8bd6cffffff,21,23
872a8bc2effffff,872a8b102ffffff,2,34
872a8bc2effffff,872a8b114ffffff,2,23
872a8bc2effffff,872a8b185ffffff,1,36
872a8bc2effffff,872a8b521ffffff,1,34
872a8bc2effffff,872a8b574ffffff,1,43
872a8bc2effffff,872a8b891ffffff,12,27
872a8bc2effffff,872a8b896ffffff,5,24
872a8bc2effffff,872a8b8b6ffffff,26,29
872a8bc2effffff,872a8bc00ffffff,10,13
872a8bc2effffff,872a8bc01ffffff,62,11
872a8bc2effffff,872a8bc04ffffff,15,10
872a8bc2effffff,872a8bc05ffffff,173,7
872a8bc2effffff,872a8bc06ffffff,3,13
872a8bc2effffff,872a8bc0cffffff,1,9
872a8bc2effffff,872a8bc15ffffff,3,24
872a8bc2effffff,872a8bc1cffffff,14,18
872a8bc2effffff,872a8bc20ffffff,25,11
872a8bc2effffff,872a8bc21ffffff,36,7
872a8bc2effffff,872a8bc23ffffff,32,5
872a8bc2effffff,872a8bc28ffffff,164,9
872a8bc2effffff,872a8bc2affffff,150,6
872a8bc2effffff,872a8bc2bffffff,6,7
872a8bc2effffff,872a8bc2cffffff,13,6
872a8bc2effffff,872a8bc2effffff,57,0
872a8bc2effffff,872a8bc40ffffff,10,18
872a8bc2effffff,872a8bc41ffffff,85,15
872a8bc2effffff,872a8bc44ffffff,2,14
872a8bc2effffff,872a8bc48ffffff,54,24
872a8bc2effffff,872a8bc4affffff,2,20
872a8bc2effffff,872a8bc4cffffff,8,20
872a8bc2effffff,872a8bc4dffffff,6,23
872a8bc2effffff,872a8bc4effffff,71,21
872a8bc2effffff,872a8bc50ffffff,2,22
872a8bc2effffff,872a8bc51ffffff,57,22
872a8bc2effffff,872a8bc52ffffff,2,21
872a8bc2effffff,872a8bc5dffffff,25,19
872a8bc2effffff,872a8bc5effffff,12,28
872a8bc2effffff,872a8bc62ffffff,4,15
872a8bc2effffff,872a8bc69ffffff,3,24
872a8bc2effffff,872a8bc74ffffff,3,15
872a8bc2effffff,872a8bc80ffffff,3,33
872a8bc2effffff,872a8bc82ffffff,1,34
872a8bc2effffff,872a8bc8bffffff,18,28
872a8bc2effffff,872a8bca8ffffff,18,25
872a8bc2effffff,872a8bcd2ffffff,28,31
872a8bc2effffff,872a8bcd6ffffff,8,28
872a8bc2effffff,872a8bcdaffffff,2,31
872a8bc2effffff,872a8bce2ffffff,3,37
872a8bc2effffff,872a8bcedffffff,10,28
872a8bc2effffff,872a8bd41ffffff,6,25
872a8bc2effffff,872a8bd48ffffff,1,23
872a8bc2effffff,872a8bd50ffffff,2,14
872a8bc2effffff,872a8bd52ffffff,10,12
872a8bc2effffff,872a8bd53ffffff,99,8
872a8bc2effffff,872a8bd58ffffff,1,19
872a8bc2effffff,872a8bd5affffff,9,15
872a8bc2effffff,872a8bd5bffffff,5,19
872a8bc2effffff,872a8bd5cffffff,2,26
872a8bc2effffff,872a8bd63ffffff,1,28
872a8bc2effffff,872a8bd6cffffff,1,26
872a8bc31ffffff,872a8bc2affffff,147,10
872a8bc31ffffff,872a8bc4effffff,3,25
872a8bc33ffffff,872a8bc2cffffff,5,17
872a8bc33ffffff,872a8bc41ffffff,1,26
872a8bc40ffffff,872a8b195ffffff,9,26
872a8bc40ffffff,872a8b89bffffff,7,26
872a8bc40ffffff,872a8bc05ffffff,2,20
872a8bc40ffffff,872a8bc2affffff,7,18
872a8bc40ffffff,872a8bc2effffff,11,17
872a8bc40ffffff,872a8bc40ffffff,1,0
872a8bc40ffffff,872a8bc41ffffff,208,7
872a8bc40ffffff,872a8bc48ffffff,6,16
872a8bc40ffffff,872a8bc4affffff,2,12
872a8bc40ffffff,872a8bc4cffffff,2,12
872a8bc40ffffff,872a8bc4effffff,51,13
872a8bc40ffffff,872a8bcd2ffffff,1,32
872a8bc40ffffff,872a8bd6cffffff,1,30
872a8bc41ffffff,872a8b102ffffff,2,23
872a8bc41ffffff,872a8b104ffffff,208,22
872a8bc41ffffff,872a8b110ffffff,5,16
872a8bc41ffffff,872a8b12affffff,1,26
872a8bc41ffffff,872a8b136ffffff,1,15
872a8bc41ffffff,872a8b1a2ffffff,1,15
872a8bc41ffffff,872a8b1a4ffffff,68,10
872a8bc41ffffff,872a8b1a6ffffff,61,14
872a8bc41ffffff,872a8b520ffffff,90,38
872a8bc41ffffff,872a8b521ffffff,134,35
872a8bc41ffffff,872a8b89bffffff,1,23
872a8bc41ffffff,872a8bc00ffffff,119,23
872a8bc41ffffff,872a8bc01ffffff,15,21
872a8bc41ffffff,872a8bc05ffffff,358,18
872a8bc41ffffff,872a8bc08ffffff,1,19
872a8bc41ffffff,872a8bc1dffffff,1,21
872a8bc41ffffff,872a8bc21ffffff,4,20
872a8bc41ffffff,872a8bc22ffffff,2,21
872a8bc41ffffff,872a8bc23ffffff,146,18
872a8bc41ffffff,872a8bc28ffffff,9,18
872a8bc41ffffff,872a8bc2affffff,107,17
872a8bc41ffffff,872a8bc2bffffff,11,13
872a8bc41ffffff,872a8bc2cffffff,226,18
872a8bc41ffffff,872a8bc2effffff,108,15
872a8bc41ffffff,872a8bc33ffffff,1,26
872a8bc41ffffff,872a8bc40ffffff,207,9
872a8bc41ffffff,872a8bc41ffffff,614,0
872a8bc41ffffff,872a8bc42ffffff,74,10
872a8bc41ffffff,872a8bc44ffffff,1,6
872a8bc41ffffff,872a8bc45ffffff,4,4
872a8bc41ffffff,872a8bc48ffffff,569,9
872a8bc41ffffff,872a8bc49ffffff,188,12
872a8bc41ffffff,872a8bc4affffff,327,8
872a8bc41ffffff,872a8bc4bffffff,1,12
872a8bc41ffffff,872a8bc4cffffff,22,8
872a8bc41ffffff,872a8bc4dffffff,1,11
872a8bc41ffffff,872a8bc4effffff,437,6
872a8bc41ffffff,872a8bc50ffffff,10,16
872a8bc41ffffff,872a8bc51ffffff,20,12
872a8bc41ffffff,872a8bc52ffffff,4,17
872a8bc41ffffff,872a8bc53ffffff,1,15
872a8bc41ffffff,872a8bc56ffffff,234,21
872a8bc41ffffff,872a8bc5cffffff,1,10
872a8bc41ffffff,872a8bc5dffffff,185,7
872a8bc41ffffff,872a8bc5effffff,1,16
872a8bc41ffffff,872a8bc62ffffff,3,10
872a8bc41ffffff,872a8bc64ffffff,1,13
872a8bc41ffffff,872a8bc66ffffff,1,13
872a8bc41ffffff,872a8bc69ffffff,32,13
872a8bc41ffffff,872a8bc76ffffff,193,12
872a8bc41ffffff,872a8bc89ffffff,2,35
872a8bc41ffffff,872a8bc8bffffff,1,35
872a8bc41ffffff,872a8bca2ffffff,6,42
872a8bc41ffffff,872a8bca9ffffff,148,30
872a8bc41ffffff,872a8bcabffffff,90,37
872a8bc41ffffff,872a8bcadffffff,208,39
872a8bc41ffffff,872a8bcd1ffffff,123,34
872a8bc41ffffff,872a8bcd2ffffff,7,31
872a8bc41ffffff,872a8bcd6ffffff,1,35
872a8bc41ffffff,872a8bce1ffffff,1,18
872a8bc41ffffff,872a8bd48ffffff,2,19
872a8bc41ffffff,872a8bd50ffffff,67,27
872a8bc41ffffff,872a8bd52ffffff,276,25
872a8bc41ffffff,872a8bd53ffffff,28,20
872a8bc42ffffff,872a8bc41ffffff,73,11
872a8bc43ffffff,872a8bc23ffffff,4,24
872a8bc43ffffff,872a8bc4affffff,3,8
872a8bc43ffffff,872a8bc4effffff,13,9
872a8bc44ffffff,872a8b110ffffff,1,19
872a8bc44ffffff,872a8b89bffffff,3,25
872a8bc44ffffff,872a8bc01ffffff,1,19
872a8bc44ffffff,872a8bc05ffffff,1,16
872a8bc44ffffff,872a8bc1cffffff,2,23
872a8bc44ffffff,872a8bc28ffffff,2,16
872a8bc44ffffff,872a8bc2affffff,4,15
872a8bc44ffffff,872a8bc2effffff,1,13
872a8bc44ffffff,872a8bc41ffffff,1,6
872a8bc44ffffff,872a8bc4effffff,4,11
872a8bc44ffffff,872a8bc50ffffff,1,19
872a8bc44ffffff,872a8bc51ffffff,175,15
872a8bc44ffffff,872a8bc62ffffff,2,8
872a8bc44ffffff,872a8bd53ffffff,2,18
872a8bc45ffffff,872a8bc41ffffff,4,4
872a8bc45ffffff,872a8bc4affffff,1,8
872a8bc45ffffff,872a8bc4dffffff,2,11
872a8bc48ffffff,872a8b116ffffff,1,12
872a8bc48ffffff,872a8bc05ffffff,23,26
872a8bc48ffffff,872a8bc06ffffff,1,34
872a8bc48ffffff,872a8bc21ffffff,6,27
872a8bc48ffffff,872a8bc22ffffff,2,29
872a8bc48ffffff,872a8bc23ffffff,2,25
872a8bc48ffffff,872a8bc28ffffff,11,26
872a8bc48ffffff,872a8bc2affffff,183,24
872a8bc48ffffff,872a8bc2bffffff,7,21
872a8bc48ffffff,872a8bc2cffffff,4,26
872a8bc48ffffff,872a8bc2effffff,57,23
872a8bc48ffffff,872a8bc40ffffff,6,16
872a8bc48ffffff,872a8bc41ffffff,628,9
872a8bc48ffffff,872a8bc48ffffff,64,0
872a8bc48ffffff,872a8bc49ffffff,101,9
872a8bc48ffffff,872a8bc4affffff,297,8
872a8bc48ffffff,872a8bc4bffffff,1,8
872a8bc48ffffff,872a8bc4cffffff,12,8
872a8bc48ffffff,872a8bc4dffffff,6,7
872a8bc48ffffff,872a8bc4effffff,244,7
872a8bc48ffffff,872a8bc50ffffff,1,20
872a8bc48ffffff,872a8bc51ffffff,465,15
872a8bc48ffffff,872a8bc52ffffff,1,20
872a8bc48ffffff,872a8bc5dffffff,11,11
872a8bc48ffffff,872a8bc62ffffff,1,17
872a8bc48ffffff,872a8bc64ffffff,2,21
872a8bc48ffffff,872a8bc75ffffff,2,21
872a8bc48ffffff,872a8bc8bffffff,1,39
872a8bc48ffffff,872a8bca8ffffff,2,40
872a8bc48ffffff,872a8bcabffffff,1,42
872a8bc48ffffff,872a8bcd2ffffff,16,35
872a8bc48ffffff,872a8bcd6ffffff,5,40
872a8bc48ffffff,872a8bcddffffff,2,43
872a8bc48ffffff,872a8bce1ffffff,5,21
872a8bc48ffffff,872a8bd52ffffff,4,33
872a8bc48ffffff,872a8bd59ffffff,1,23
872a8bc48ffffff,872a8bd6effffff,1,30
872a8bc49ffffff,872a8b102ffffff,147,17
872a8bc49ffffff,872a8b574ffffff,165,45
872a8bc49ffffff,872a8bc01ffffff,151,29
872a8bc49ffffff,872a8bc05ffffff,185,26
872a8bc49ffffff,872a8bc11ffffff,89,38
872a8bc49ffffff,872a8bc41ffffff,187,12
872a8bc49ffffff,872a8bc48ffffff,104,10
872a8bc49ffffff,872a8bc4bffffff,151,10
872a8bc49ffffff,872a8bc4cffffff,283,9
872a8bc49ffffff,872a8bc4effffff,243,11
872a8bc49ffffff,872a8bc5affffff,127,25
872a8bc49ffffff,872a8bc5dffffff,152,13
872a8bc49ffffff,872a8bc71ffffff,24,15
872a8bc49ffffff,872a8bca9ffffff,104,38
872a8bc49ffffff,872a8bcd6ffffff,146,43
872a8bc49ffffff,872a8bcdcffffff,28,41
872a8bc49ffffff,872a8bce0ffffff,143,33
872a8bc49ffffff,872a8bcf0ffffff,36,42
872a8bc4affffff,872a8b102ffffff,1,21
872a8bc4affffff,872a8b110ffffff,1,13
872a8bc4affffff,872a8b113ffffff,5,14
872a8bc4affffff,872a8b116ffffff,1,11
872a8bc4affffff,872a8b11effffff,99,18
872a8bc4affffff,872a8b134ffffff,1,16
872a8bc4affffff,872a8b136ffffff,16,19
872a8bc4affffff,872a8b1a6ffffff,1,10
872a8bc4affffff,872a8b521ffffff,46,36
872a8bc4affffff,872a8b526ffffff,2,45
872a8bc4affffff,872a8b562ffffff,3,39
872a8bc4affffff,872a8b565ffffff,1,30
872a8bc4affffff,872a8b89effffff,2,23
872a8bc4affffff,872a8bc00ffffff,1,29
872a8bc4affffff,872a8bc01ffffff,9,27
872a8bc4affffff,872a8bc05ffffff,40,25
872a8bc4affffff,872a8bc0dffffff,4,23
872a8bc4affffff,872a8bc1bffffff,1,38
872a8bc4affffff,872a8bc20ffffff,2,30
872a8bc4affffff,872a8bc21ffffff,3,26
872a8bc4affffff,872a8bc23ffffff,26,24
872a8bc4affffff,872a8bc28ffffff,42,24
872a8bc4affffff,872a8bc2affffff,10,23
872a8bc4affffff,872a8bc2cffffff,1,24
872a8bc4affffff,872a8bc2effffff,1,22
872a8bc4affffff,872a8bc40ffffff,2,14
872a8bc4affffff,872a8bc41ffffff,316,9
872a8bc4affffff,872a8bc43ffffff,3,10
872a8bc4affffff,872a8bc45ffffff,3,10
872a8bc4affffff,872a8bc48ffffff,296,8
872a8bc4affffff,872a8bc4affffff,5,0
872a8bc4affffff,872a8bc4bffffff,137,8
872a8bc4affffff,872a8bc4cffffff,113,8
872a8bc4affffff,872a8bc4dffffff,154,9
872a8bc4affffff,872a8bc4effffff,591,7
872a8bc4affffff,872a8bc50ffffff,124,17
872a8bc4affffff,872a8bc56ffffff,32,22
872a8bc4affffff,872a8bc59ffffff,89,7
872a8bc4affffff,872a8bc5cffffff,3,11
872a8bc4affffff,872a8bc5dffffff,115,7
872a8bc4affffff,872a8bc62ffffff,6,15
872a8bc4affffff,872a8bc64ffffff,1,19
872a8bc4affffff,872a8bc69ffffff,2,18
872a8bc4affffff,872a8bc6bffffff,3,13
872a8bc4affffff,872a8bc75ffffff,3,20
872a8bc4affffff,872a8bc8bffffff,19,37
872a8bc4affffff,872a8bca8ffffff,2,38
872a8bc4affffff,872a8bca9ffffff,2,36
872a8bc4affffff,872a8bcabffffff,7,39
872a8bc4affffff,872a8bcadffffff,1,45
872a8bc4affffff,872a8bcc0ffffff,140,38
872a8bc4affffff,872a8bcd2ffffff,2,32
872a8bc4affffff,872a8bcd6ffffff,13,38
872a8bc4affffff,872a8bceeffffff,1,29
872a8bc4affffff,872a8bd50ffffff,3,33
872a8bc4affffff,872a8bd52ffffff,1,31
872a8bc4affffff,872a8bd53ffffff,3,26
872a8bc4affffff,872a8bd5affffff,1,26
872a8bc4affffff,872a8bd5bffffff,8,26
872a8bc4bffffff,872a8bc2affffff,1,25
872a8bc4bffffff,872a8bc41ffffff,1,11
872a8bc4bffffff,872a8bc48ffffff,1,8
872a8bc4bffffff,872a8bc49ffffff,153,11
872a8bc4bffffff,872a8bc4affffff,138,7
872a8bc4bffffff,872a8bc4bffffff,2,0
872a8bc4bffffff,872a8bc4effffff,2,9
872a8bc4cffffff,872a8bc28ffffff,1,23
872a8bc4cffffff,872a8bc2affffff,6,22
872a8bc4cffffff,872a8bc2bffffff,8,18
872a8bc4cffffff,872a8bc2effffff,9,20
872a8bc4cffffff,872a8bc40ffffff,2,14
872a8bc4cffffff,872a8bc41ffffff,35,7
872a8bc4cffffff,872a8bc45ffffff,1,9
872a8bc4cffffff,872a8bc48ffffff,12,8
872a8bc4cffffff,872a8bc49ffffff,328,9
872a8bc4cffffff,872a8bc4affffff,117,9
872a8bc4cffffff,872a8bc4bffffff,1,12
872a8bc4cffffff,872a8bc4cffffff,2,0
872a8bc4cffffff,872a8bc4effffff,97,6
872a8bc4cffffff,872a8bc50ffffff,10,18
872a8bc4cffffff,872a8bc51ffffff,227,13
872a8bc4cffffff,872a8bc52ffffff,1,19
872a8bc4cffffff,872a8bcd2ffffff,3,33
872a8bc4dffffff,872a8bc05ffffff,3,26
872a8bc4dffffff,872a8bc28ffffff,1,26
872a8bc4dffffff,872a8bc2affffff,1,25
872a8bc4dffffff,872a8bc2effffff,6,23
872a8bc4dffffff,872a8bc41ffffff,2,10
872a8bc4dffffff,872a8bc48ffffff,5,7
872a8bc4dffffff,872a8bc49ffffff,1,7
872a8bc4dffffff,872a8bc4affffff,160,9
872a8bc4dffffff,872a8bc4dffffff,2,0
872a8bc4dffffff,872a8bc4effffff,7,8
872a8bc4dffffff,872a8bc50ffffff,10,21
872a8bc4dffffff,872a8bc52ffffff,3,22
872a8bc4effffff,872a8b102ffffff,25,21
872a8bc4effffff,872a8b104ffffff,3,20
872a8bc4effffff,872a8b110ffffff,10,14
872a8bc4effffff,872a8b112ffffff,1,18
872a8bc4effffff,872a8b113ffffff,8,16
872a8bc4effffff,872a8b114ffffff,1,11
872a8bc4effffff,872a8b116ffffff,10,13
872a8bc4effffff,872a8b11effffff,12,19
872a8bc4effffff,872a8b12affffff,7,24
872a8bc4effffff,872a8b130ffffff,1,17
872a8bc4effffff,872a8b132ffffff,75,13
872a8bc4effffff,872a8b135ffffff,3,28
872a8bc4effffff,872a8b136ffffff,15,17
872a8bc4effffff,872a8b185ffffff,1,26
872a8bc4effffff,872a8b195ffffff,1,23
872a8bc4effffff,872a8b1a2ffffff,5,17
872a8bc4effffff,872a8b1a6ffffff,10,15
872a8bc4effffff,872a8b1aeffffff,1,25
872a8bc4effffff,872a8b521ffffff,15,35
872a8bc4effffff,872a8b525ffffff,2,35
872a8bc4effffff,872a8b562ffffff,4,44
872a8bc4effffff,872a8b893ffffff,3,14
872a8bc4effffff,872a8b896ffffff,1,18
872a8bc4effffff,872a8b89affffff,16,20
872a8bc4effffff,872a8b89bffffff,11,24
872a8bc4effffff,872a8bc00ffffff,2,29
872a8bc4effffff,872a8bc01ffffff,70,26
872a8bc4effffff,872a8bc03ffffff,1,27
872a8bc4effffff,872a8bc04ffffff,9,27
872a8bc4effffff,872a8bc05ffffff,148,24
872a8bc4effffff,872a8bc06ffffff,1,31
872a8bc4effffff,872a8bc0cffffff,2,21
872a8bc4effffff,872a8bc15ffffff,2,37
872a8bc4effffff,872a8bc18ffffff,3,28
872a8bc4effffff,872a8bc1affffff,1,33
872a8bc4effffff,872a8bc1cffffff,4,31
872a8bc4effffff,872a8bc20ffffff,1,29
872a8bc4effffff,872a8bc21ffffff,28,25
872a8bc4effffff,872a8bc22ffffff,7,26
872a8bc4effffff,872a8bc23ffffff,71,23
872a8bc4effffff,872a8bc28ffffff,103,23
872a8bc4effffff,872a8bc2affffff,66,22
872a8bc4effffff,872a8bc2bffffff,17,19
872a8bc4effffff,872a8bc2cffffff,10,23
872a8bc4effffff,872a8bc2effffff,70,21
872a8bc4effffff,872a8bc31ffffff,3,25
872a8bc4effffff,872a8bc40ffffff,52,13
872a8bc4effffff,872a8bc41ffffff,433,6
872a8bc4effffff,872a8bc43ffffff,14,9
872a8bc4effffff,872a8bc44ffffff,7,11
872a8bc4effffff,872a8bc45ffffff,2,10
872a8bc4effffff,872a8bc48ffffff,231,7
872a8bc4effffff,872a8bc49ffffff,327,10
872a8bc4effffff,872a8bc4affffff,602,7
872a8bc4effffff,872a8bc4bffffff,1,10
872a8bc4effffff,872a8bc4cffffff,92,6
872a8bc4effffff,872a8bc4dffffff,7,8
872a8bc4effffff,872a8bc4effffff,488,0
872a8bc4effffff,872a8bc50ffffff,17,16
872a8bc4effffff,872a8bc51ffffff,20,12
872a8bc4effffff,872a8bc52ffffff,1,17
872a8bc4effffff,872a8bc53ffffff,2,15
872a8bc4effffff,872a8bc5bffffff,8,21
872a8bc4effffff,872a8bc5cffffff,14,10
872a8bc4effffff,872a8bc5dffffff,53,8
872a8bc4effffff,872a8bc62ffffff,59,15
872a8bc4effffff,872a8bc64ffffff,19,19
872a8bc4effffff,872a8bc68ffffff,2,11
872a8bc4effffff,872a8bc69ffffff,31,15
872a8bc4effffff,872a8bc6bffffff,14,11
872a8bc4effffff,872a8bc6effffff,3,14
872a8bc4effffff,872a8bc71ffffff,14,12
872a8bc4effffff,872a8bc74ffffff,1,23
872a8bc4effffff,872a8bc75ffffff,2,19
872a8bc4effffff,872a8bc76ffffff,1,17
872a8bc4effffff,872a8bc82ffffff,2,46
872a8bc4effffff,872a8bc83ffffff,1,44
872a8bc4effffff,872a8bc89ffffff,3,37
872a8bc4effffff,872a8bc8bffffff,47,36
872a8bc4effffff,872a8bc8effffff,5,45
872a8bc4effffff,872a8bca8ffffff,4,38
872a8bc4effffff,872a8bca9ffffff,2,35
872a8bc4effffff,872a8bcabffffff,245,38
872a8bc4effffff,872a8bcadffffff,4,44
872a8bc4effffff,872a8bcd0ffffff,3,31
872a8bc4effffff,872a8bcd1ffffff,1,33
872a8bc4effffff,872a8bcd2ffffff,36,31
872a8bc4effffff,872a8bcd6ffffff,49,37
872a8bc4effffff,872a8bcdaffffff,38,33
872a8bc4effffff,872a8bcddffffff,1,40
872a8bc4effffff,872a8bce1ffffff,1,18
872a8bc4effffff,872a8bce5ffffff,1,26
872a8bc4effffff,872a8bcebffffff,5,26
872a8bc4effffff,872a8bcedffffff,4,17
872a8bc4effffff,872a8bceeffffff,2,28
872a8bc4effffff,872a8bd48ffffff,8,23
872a8bc4effffff,872a8bd4affffff,1,32
872a8bc4effffff,872a8bd52ffffff,2,31
872a8bc4effffff,872a8bd53ffffff,11,26
872a8bc4effffff,872a8bd59ffffff,3,21
872a8bc4effffff,872a8bd5affffff,5,25
872a8bc4effffff,872a8bd5bffffff,1,26
872a8bc4effffff,872a8bd5effffff,2,30
872a8bc4effffff,872a8bd63ffffff,4,36
872a8bc4effffff,872a8bd6cffffff,3,29
872a8bc4effffff,872a8bd6effffff,4,29
872a8bc50ffffff,872a8b102ffffff,1,32
872a8bc50ffffff,872a8b104ffffff,6,31
872a8bc50ffffff,872a8b11effffff,5,29
872a8bc50ffffff,872a8b135ffffff,8,40
872a8bc50ffffff,872a8b195ffffff,3,30
872a8bc50ffffff,872a8b1a2ffffff,1,23
872a8bc50ffffff,872a8b525ffffff,6,29
872a8bc50ffffff,872a8b528ffffff,1,34
872a8bc50ffffff,872a8b575ffffff,2,31
872a8bc50ffffff,872a8bc00ffffff,3,26
872a8bc50ffffff,872a8bc01ffffff,8,24
872a8bc50ffffff,872a8bc04ffffff,2,26
872a8bc50ffffff,872a8bc05ffffff,16,23
872a8bc50ffffff,872a8bc15ffffff,2,35
872a8bc50ffffff,872a8bc1cffffff,2,28
872a8bc50ffffff,872a8bc1dffffff,8,24
872a8bc50ffffff,872a8bc21ffffff,6,27
872a8bc50ffffff,872a8bc23ffffff,4,25
872a8bc50ffffff,872a8bc28ffffff,8,25
872a8bc50ffffff,872a8bc2affffff,4,23
872a8bc50ffffff,872a8bc2cffffff,7,25
872a8bc50ffffff,872a8bc2effffff,3,23
872a8bc50ffffff,872a8bc41ffffff,10,16
872a8bc50ffffff,872a8bc45ffffff,2,17
872a8bc50ffffff,872a8bc48ffffff,1,19
872a8bc50ffffff,872a8bc4affffff,123,16
872a8bc50ffffff,872a8bc4cffffff,9,18
872a8bc50ffffff,872a8bc4dffffff,8,21
872a8bc50ffffff,872a8bc4effffff,11,16
872a8bc50ffffff,872a8bc50ffffff,4,0
872a8bc50ffffff,872a8bc5cffffff,1,11
872a8bc50ffffff,872a8bc5dffffff,11,14
872a8bc50ffffff,872a8bc62ffffff,1,21
872a8bc50ffffff,872a8bc64ffffff,2,23
872a8bc50ffffff,872a8bc74ffffff,2,28
872a8bc50ffffff,872a8bc76ffffff,3,22
872a8bc50ffffff,872a8bc8bffffff,4,30
872a8bc50ffffff,872a8bca8ffffff,6,34
872a8bc50ffffff,872a8bca9ffffff,3,33
872a8bc50ffffff,872a8bcabffffff,2,32
872a8bc50ffffff,872a8bcd2ffffff,1,25
872a8bc50ffffff,872a8bcd4ffffff,3,31
872a8bc50ffffff,872a8bcd6ffffff,1,31
872a8bc50ffffff,872a8bcdaffffff,1,27
872a8bc50ffffff,872a8bcdbffffff,2,33
872a8bc50ffffff,872a8bcdeffffff,1,30
872a8bc50ffffff,872a8bd52ffffff,2,32
872a8bc50ffffff,872a8bd53ffffff,13,27
872a8bc50ffffff,872a8bd59ffffff,1,26
872a8bc51ffffff,872a8b110ffffff,3,20
872a8bc51ffffff,872a8b135ffffff,3,36
872a8bc51ffffff,872a8b1adffffff,89,22
872a8bc51ffffff,872a8b521ffffff,10,28
872a8bc51ffffff,872a8b555ffffff,1,38
872a8bc51ffffff,872a8b574ffffff,1,37
872a8bc51ffffff,872a8bc00ffffff,1,25
872a8bc51ffffff,872a8bc01ffffff,13,23
872a8bc51ffffff,872a8bc05ffffff,22,22
872a8bc51ffffff,872a8bc1cffffff,10,27
872a8bc51ffffff,872a8bc1dffffff,3,22
872a8bc51ffffff,872a8bc20ffffff,1,30
872a8bc51ffffff,872a8bc21ffffff,8,26
872a8bc51ffffff,872a8bc22ffffff,1,27
872a8bc51ffffff,872a8bc23ffffff,10,24
872a8bc51ffffff,872a8bc28ffffff,3,24
872a8bc51ffffff,872a8bc2affffff,7,21
872a8bc51ffffff,872a8bc2cffffff,60,24
872a8bc51ffffff,872a8bc2effffff,57,21
872a8bc51ffffff,872a8bc41ffffff,16,12
872a8bc51ffffff,872a8bc44ffffff,173,15
872a8bc51ffffff,872a8bc48ffffff,458,15
872a8bc51ffffff,872a8bc4cffffff,200,14
872a8bc51ffffff,872a8bc4effffff,16,12
872a8bc51ffffff,872a8bc50ffffff,1,9
872a8bc51ffffff,872a8bc62ffffff,3,18
872a8bc51ffffff,872a8bc64ffffff,1,22
872a8bc51ffffff,872a8bc74ffffff,2,26
872a8bc51ffffff,872a8bc76ffffff,2,20
872a8bc51ffffff,872a8bc86ffffff,2,45
872a8bc51ffffff,872a8bca9ffffff,6,31
872a8bc51ffffff,872a8bcacffffff,1,39
872a8bc51ffffff,872a8bcd2ffffff,1,24
872a8bc51ffffff,872a8bcdbffffff,4,32
872a8bc51ffffff,872a8bcdeffffff,4,29
872a8bc51ffffff,872a8bce5ffffff,231,18
872a8bc51ffffff,872a8bcedffffff,2,12
872a8bc51ffffff,872a8bd50ffffff,2,33
872a8bc51ffffff,872a8bd53ffffff,8,26
872a8bc51ffffff,872a8bd6cffffff,1,35
872a8bc52ffffff,872a8b11effffff,1,30
872a8bc52ffffff,872a8b528ffffff,2,29
872a8bc52ffffff,872a8bc00ffffff,3,25
872a8bc52ffffff,872a8bc01ffffff,6,23
872a8bc52ffffff,872a8bc05ffffff,4,22
872a8bc52ffffff,872a8bc1cffffff,1,27
872a8bc52ffffff,872a8bc28ffffff,1,24
872a8bc52ffffff,872a8bc2affffff,3,21
872a8bc52ffffff,872a8bc2cffffff,1,24
872a8bc52ffffff,872a8bc2effffff,2,21
872a8bc52ffffff,872a8bc41ffffff,4,17
872a8bc52ffffff,872a8bc45ffffff,1,18
872a8bc52ffffff,872a8bc48ffffff,1,20
872a8bc52ffffff,872a8bc4cffffff,1,19
872a8bc52ffffff,872a8bc4dffffff,2,22
872a8bc52ffffff,872a8bc4effffff,2,17
872a8bc52ffffff,872a8bc5cffffff,2,12
872a8bc52ffffff,872a8bc5dffffff,2,15
872a8bc52ffffff,872a8bc8bffffff,2,24
872a8bc52ffffff,872a8bcdaffffff,3,21
872a8bc52ffffff,872a8bd53ffffff,2,26
872a8bc53ffffff,872a8bc01ffffff,7,23
872a8bc53ffffff,872a8bc1cffffff,42,27
872a8bc53ffffff,872a8bc41ffffff,1,14
872a8bc53ffffff,872a8bc4effffff,2,14
872a8bc53ffffff,872a8bcd2ffffff,3,24
872a8bc53ffffff,872a8bcf0ffffff,3,36
872a8bc56ffffff,872a8bc41ffffff,238,21
872a8bc56ffffff,872a8bc4affffff,32,20
872a8bc56ffffff,872a8bc56ffffff,2,0
872a8bc56ffffff,872a8bcd2ffffff,1,27
872a8bc59ffffff,872a8bc4affffff,89,6
872a8bc59ffffff,872a8bc59ffffff,1,0
872a8bc5affffff,872a8bc49ffffff,129,24
872a8bc5bffffff,872a8bc4effffff,9,21
872a8bc5cffffff,872a8bc28ffffff,2,25
872a8bc5cffffff,872a8bc41ffffff,1,10
872a8bc5cffffff,872a8bc4affffff,3,9
872a8bc5cffffff,872a8bc4effffff,14,9
872a8bc5cffffff,872a8bc50ffffff,1,12
872a8bc5cffffff,872a8bc52ffffff,2,13
872a8bc5dffffff,872a8bc28ffffff,4,22
872a8bc5dffffff,872a8bc2affffff,3,21
872a8bc5dffffff,872a8bc2bffffff,2,17
872a8bc5dffffff,872a8bc2effffff,26,19
872a8bc5dffffff,872a8bc41ffffff,186,7
872a8bc5dffffff,872a8bc48ffffff,11,11
872a8bc5dffffff,872a8bc49ffffff,152,13
872a8bc5dffffff,872a8bc4affffff,117,5
872a8bc5dffffff,872a8bc4effffff,71,7
872a8bc5dffffff,872a8bc50ffffff,11,14
872a8bc5dffffff,872a8bc52ffffff,2,15
872a8bc5dffffff,872a8bc5dffffff,3,0
872a8bc5dffffff,872a8bcd6ffffff,2,35
872a8bc5effffff,872a8bc2effffff,12,28
872a8bc5effffff,872a8bc41ffffff,1,16
872a8bc62ffffff,872a8bc28ffffff,2,18
872a8bc62ffffff,872a8bc2affffff,6,17
872a8bc62ffffff,872a8bc2bffffff,1,13
872a8bc62ffffff,872a8bc2effffff,3,15
872a8bc62ffffff,872a8bc41ffffff,2,9
872a8bc62ffffff,872a8bc44ffffff,2,9
872a8bc62ffffff,872a8bc48ffffff,1,17
872a8bc62ffffff,872a8bc4affffff,7,13
872a8bc62ffffff,872a8bc4effffff,61,14
872a8bc62ffffff,872a8bc50ffffff,1,21
872a8bc62ffffff,872a8bc51ffffff,4,17
872a8bc62ffffff,872a8bcd2ffffff,1,37
872a8bc62ffffff,872a8bcd6ffffff,1,35
872a8bc63ffffff,872a8bc48ffffff,1,19
872a8bc64ffffff,872a8bc28ffffff,1,20
872a8bc64ffffff,872a8bc2affffff,2,19
872a8bc64ffffff,872a8bc41ffffff,1,13
872a8bc64ffffff,872a8bc48ffffff,2,22
872a8bc64ffffff,872a8bc4affffff,1,18
872a8bc64ffffff,872a8bc4effffff,19,18
872a8bc64ffffff,872a8bc50ffffff,4,24
872a8bc64ffffff,872a8bc51ffffff,1,22
872a8bc64ffffff,872a8bcd2ffffff,2,38
872a8bc66ffffff,872a8bc2affffff,2,19
872a8bc66ffffff,872a8bc2bffffff,1,15
872a8bc66ffffff,872a8bc41ffffff,1,13
872a8bc66ffffff,872a8bc44ffffff,1,11
872a8bc68ffffff,872a8bc05ffffff,1,23
872a8bc68ffffff,872a8bc4affffff,2,14
872a8bc68ffffff,872a8bc4effffff,4,12
872a8bc69ffffff,872a8bc28ffffff,3,27
872a8bc69ffffff,872a8bc2affffff,2,25
872a8bc69ffffff,872a8bc2effffff,3,24
872a8bc69ffffff,872a8bc41ffffff,31,13
872a8bc69ffffff,872a8bc4affffff,2,17
872a8bc69ffffff,872a8bc4effffff,34,16
872a8bc6bffffff,872a8bc2affffff,1,21
872a8bc6bffffff,872a8bc4affffff,5,13
872a8bc6bffffff,872a8bc4effffff,13,11
872a8bc6effffff,872a8bc4effffff,4,14
872a8bc6effffff,872a8bcd2ffffff,1,36
872a8bc71ffffff,872a8bc2affffff,5,12
872a8bc71ffffff,872a8bc49ffffff,33,15
872a8bc71ffffff,872a8bc4affffff,1,12
872a8bc71ffffff,872a8bc4effffff,13,13
872a8bc71ffffff,872a8bc71ffffff,1,0
872a8bc72ffffff,872a8bcd6ffffff,1,30
872a8bc74ffffff,872a8bc28ffffff,1,19
872a8bc74ffffff,872a8bc2affffff,1,18
872a8bc74ffffff,872a8bc2effffff,3,16
872a8bc74ffffff,872a8bc4effffff,1,24
872a8bc74ffffff,872a8bc50ffffff,2,29
872a8bc74ffffff,872a8bc51ffffff,3,27
872a8bc75ffffff,872a8bc48ffffff,2,21
872a8bc75ffffff,872a8bc4affffff,3,18
872a8bc75ffffff,872a8bc4effffff,2,19
872a8bc76ffffff,872a8bc41ffffff,194,11
872a8bc76ffffff,872a8bc4effffff,1,17
872a8bc76ffffff,872a8bc50ffffff,3,22
872a8bc76ffffff,872a8bc51ffffff,3,20
872a8bc80ffffff,872a8bc2bffffff,1,33
872a8bc80ffffff,872a8bc2effffff,2,35
872a8bc80ffffff,872a8bcd2ffffff,1,23
872a8bc82ffffff,872a8bc2affffff,2,32
872a8bc82ffffff,872a8bc2effffff,1,35
872a8bc82ffffff,872a8bc4effffff,1,46
872a8bc82ffffff,872a8bcd2ffffff,3,23
872a8bc82ffffff,872a8bcd6ffffff,1,22
872a8bc83ffffff,872a8bc4effffff,1,44
872a8bc86ffffff,872a8bc51ffffff,2,45
872a8bc89ffffff,872a8bc05ffffff,6,26
872a8bc89ffffff,872a8bc2affffff,1,25
872a8bc89ffffff,872a8bc41ffffff,2,34
872a8bc89ffffff,872a8bc4effffff,3,36
872a8bc8affffff,872a8bc2affffff,24,32
872a8bc8bffffff,872a8bc23ffffff,23,29
872a8bc8bffffff,872a8bc28ffffff,3,31
872a8bc8bffffff,872a8bc2affffff,64,25
872a8bc8bffffff,872a8bc2bffffff,3,26
872a8bc8bffffff,872a8bc2effffff,18,28
872a8bc8bffffff,872a8bc41ffffff,3,34
872a8bc8bffffff,872a8bc48ffffff,1,39
872a8bc8bffffff,872a8bc4affffff,17,36
872a8bc8bffffff,872a8bc4effffff,47,36
872a8bc8bffffff,872a8bc50ffffff,4,31
872a8bc8bffffff,872a8bc52ffffff,2,25
872a8bc8bffffff,872a8bc89ffffff,1,11
872a8bc8bffffff,872a8bca8ffffff,1,15
872a8bc8bffffff,872a8bcd2ffffff,30,8
872a8bc8bffffff,872a8bcd6ffffff,1,8
872a8bc8bffffff,872a8bcdcffffff,1,18
872a8bc8cffffff,872a8bc2bffffff,1,29
872a8bc8effffff,872a8bc2affffff,60,34
872a8bc8effffff,872a8bc4effffff,5,45
872a8bca1ffffff,872a8bcd2ffffff,6,22
872a8bca2ffffff,872a8bc41ffffff,10,41
872a8bca2ffffff,872a8bca2ffffff,3,0
872a8bca5ffffff,872a8bcd2ffffff,1,19
872a8bca8ffffff,872a8bc28ffffff,3,28
872a8bca8ffffff,872a8bc2affffff,52,22
872a8bca8ffffff,872a8bc2bffffff,12,23
872a8bca8ffffff,872a8bc2effffff,22,25
872a8bca8ffffff,872a8bc48ffffff,2,40
872a8bca8ffffff,872a8bc4affffff,2,36
872a8bca8ffffff,872a8bc4effffff,5,37
872a8bca8ffffff,872a8bc50ffffff,6,34
872a8bca8ffffff,872a8bc8bffffff,1,14
872a8bca8ffffff,872a8bca8ffffff,1,0
872a8bca8ffffff,872a8bcd2ffffff,24,17
872a8bca9ffffff,872a8bc05ffffff,3,20
872a8bca9ffffff,872a8bc2affffff,151,19
872a8bca9ffffff,872a8bc41ffffff,150,29
872a8bca9ffffff,872a8bc49ffffff,153,37
872a8bca9ffffff,872a8bc4affffff,4,34
872a8bca9ffffff,872a8bc4effffff,2,35
872a8bca9ffffff,872a8bc50ffffff,3,31
872a8bca9ffffff,872a8bc51ffffff,7,31
872a8bca9ffffff,872a8bca9ffffff,3,0
872a8bca9ffffff,872a8bcd2ffffff,1,18
872a8bcabffffff,872a8bc41ffffff,90,36
872a8bcabffffff,872a8bc48ffffff,1,42
872a8bcabffffff,872a8bc4affffff,7,39
872a8bcabffffff,872a8bc4effffff,244,39
872a8bcabffffff,872a8bc50ffffff,2,34
872a8bcabffffff,872a8bcd2ffffff,9,16
872a8bcabffffff,872a8bcd6ffffff,2,15
872a8bcacffffff,872a8bc28ffffff,1,35
872a8bcacffffff,872a8bc51ffffff,1,40
872a8bcacffffff,872a8bcacffffff,7,0
872a8bcacffffff,872a8bcc2ffffff,251,35
872a8bcacffffff,872a8bcd2ffffff,7,24
872a8bcadffffff,872a8bc2affffff,27,29
872a8bcadffffff,872a8bc41ffffff,211,38
872a8bcadffffff,872a8bc4affffff,2,43
872a8bcadffffff,872a8bc4effffff,5,44
872a8bcadffffff,872a8bcadffffff,1,0
872a8bcadffffff,872a8bcd2ffffff,6,26
872a8bcadffffff,872a8bcd6ffffff,2,25
872a8bcaeffffff,872a8bc2affffff,3,27
872a8bcb0ffffff,872a8bc41ffffff,1,50
872a8bcb0ffffff,872a8bcb0ffffff,1,0
872a8bcc0ffffff,872a8bc4affffff,142,36
872a8bcc0ffffff,872a8bcc0ffffff,1,0
872a8bcc0ffffff,872a8bcd2ffffff,1,21
872a8bcc2ffffff,872a8bcacffffff,230,34
872a8bcd0ffffff,872a8bc4effffff,3,34
872a8bcd1ffffff,872a8bc41ffffff,135,32
872a8bcd1ffffff,872a8bc4effffff,1,32
872a8bcd1ffffff,872a8bcd1ffffff,1,0
872a8bcd2ffffff,872a8b136ffffff,2,43
872a8bcd2ffffff,872a8b1b5ffffff,1,34
872a8bcd2ffffff,872a8b521ffffff,17,7
872a8bcd2ffffff,872a8b525ffffff,13,7
872a8bcd2ffffff,872a8b528ffffff,1,15
872a8bcd2ffffff,872a8b565ffffff,4,27
872a8bcd2ffffff,872a8bc01ffffff,9,25
872a8bcd2ffffff,872a8bc04ffffff,3,31
872a8bcd2ffffff,872a8bc05ffffff,9,28
872a8bcd2ffffff,872a8bc1cffffff,10,27
872a8bcd2ffffff,872a8bc21ffffff,1,35
872a8bcd2ffffff,872a8bc28ffffff,6,33
872a8bcd2ffffff,872a8bc2affffff,18,28
872a8bcd2ffffff,872a8bc2cffffff,1,33
872a8bcd2ffffff,872a8bc2effffff,29,31
872a8bcd2ffffff,872a8bc40ffffff,1,33
872a8bcd2ffffff,872a8bc41ffffff,8,31
872a8bcd2ffffff,872a8bc48ffffff,14,34
872a8bcd2ffffff,872a8bc4affffff,2,31
872a8bcd2ffffff,872a8bc4cffffff,3,33
872a8bcd2ffffff,872a8bc4effffff,37,31
872a8bcd2ffffff,872a8bc50ffffff,2,26
872a8bcd2ffffff,872a8bc51ffffff,2,24
872a8bcd2ffffff,872a8bc53ffffff,3,23
872a8bcd2ffffff,872a8bc56ffffff,1,28
872a8bcd2ffffff,872a8bc62ffffff,1,37
872a8bcd2ffffff,872a8bc64ffffff,2,38
872a8bcd2ffffff,872a8bc6effffff,1,36
872a8bcd2ffffff,872a8bc80ffffff,1,24
872a8bcd2ffffff,872a8bc82ffffff,3,24
872a8bcd2ffffff,872a8bc8bffffff,28,9
872a8bcd2ffffff,872a8bca1ffffff,6,21
872a8bcd2ffffff,872a8bca5ffffff,1,20
872a8bcd2ffffff,872a8bca8ffffff,23,18
872a8bcd2ffffff,872a8bca9ffffff,1,18
872a8bcd2ffffff,872a8bcabffffff,9,16
872a8bcd2ffffff,872a8bcacffffff,7,24
872a8bcd2ffffff,872a8bcadffffff,4,26
872a8bcd2ffffff,872a8bcd2ffffff,7,0
872a8bcd2ffffff,872a8bcd4ffffff,21,13
872a8bcd2ffffff,872a8bcd6ffffff,15,12
872a8bcd2ffffff,872a8bcdaffffff,1,9
872a8bcd2ffffff,872a8bcdbffffff,2,16
872a8bcd2ffffff,872a8bcdcffffff,1,13
872a8bcd2ffffff,872a8bcdeffffff,1,13
872a8bcd2ffffff,872a8bce1ffffff,1,14
872a8bcd2ffffff,872a8bcf0ffffff,9,21
872a8bcd2ffffff,872a8bcf6ffffff,1,15
872a8bcd4ffffff,872a8b525ffffff,1,14
872a8bcd4ffffff,872a8bc28ffffff,4,31
872a8bcd4ffffff,872a8bc2affffff,2,25
872a8bcd4ffffff,872a8bc50ffffff,3,31
872a8bcd4ffffff,872a8bcd2ffffff,21,13
872a8bcd6ffffff,872a8b521ffffff,4,14
872a8bcd6ffffff,872a8bc05ffffff,2,25
872a8bcd6ffffff,872a8bc28ffffff,1,30
872a8bcd6ffffff,872a8bc2affffff,102,25
872a8bcd6ffffff,872a8bc2effffff,8,28
872a8bcd6ffffff,872a8bc48ffffff,5,39
872a8bcd6ffffff,872a8bc49ffffff,148,41
872a8bcd6ffffff,872a8bc4affffff,8,36
872a8bcd6ffffff,872a8bc4effffff,52,36
872a8bcd6ffffff,872a8bc50ffffff,1,31
872a8bcd6ffffff,872a8bc5dffffff,2,34
872a8bcd6ffffff,872a8bc62ffffff,1,34
872a8bcd6ffffff,872a8bc72ffffff,1,29
872a8bcd6ffffff,872a8bc82ffffff,1,22
872a8bcd6ffffff,872a8bc8bffffff,1,8
872a8bcd6ffffff,872a8bca9ffffff,2,16
872a8bcd6ffffff,872a8bcabffffff,2,14
872a8bcd6ffffff,872a8bcadffffff,2,24
872a8bcd6ffffff,872a8bcd2ffffff,17,11
872a8bcd6ffffff,872a8bcd6ffffff,4,0
872a8bcdaffffff,872a8bc2affffff,1,28
872a8bcdaffffff,872a8bc2effffff,2,31
872a8bcdaffffff,872a8bc4effffff,39,33
872a8bcdaffffff,872a8bc50ffffff,1,28
872a8bcdaffffff,872a8bc52ffffff,3,22
872a8bcdaffffff,872a8bcd2ffffff,1,11
872a8bcdbffffff,872a8bc50ffffff,2,33
872a8bcdbffffff,872a8bc51ffffff,5,32
872a8bcdbffffff,872a8bcd2ffffff,3,16
872a8bcdcffffff,872a8bc49ffffff,28,40
872a8bcdcffffff,872a8bc8bffffff,1,18
872a8bcdcffffff,872a8bcd2ffffff,1,14
872a8bcddffffff,872a8bc48ffffff,2,43
872a8bcddffffff,872a8bc4effffff,1,39
872a8bcdeffffff,872a8bc50ffffff,1,30
872a8bcdeffffff,872a8bc51ffffff,4,28
872a8bcdeffffff,872a8bcd2ffffff,1,12
872a8bce0ffffff,872a8bc49ffffff,143,33
872a8bce0ffffff,872a8bce0ffffff,2,0
872a8bce1ffffff,872a8bc2bffffff,1,19
872a8bce1ffffff,872a8bc41ffffff,1,17
872a8bce1ffffff,872a8bc48ffffff,5,21
872a8bce1ffffff,872a8bc4effffff,1,17
872a8bce1ffffff,872a8bcd2ffffff,1,14
872a8bce2ffffff,872a8bc2effffff,2,37
872a8bce5ffffff,872a8bc4effffff,2,26
872a8bce5ffffff,872a8bc51ffffff,230,19
872a8bce5ffffff,872a8bce5ffffff,2,0
872a8bcebffffff,872a8bc4effffff,5,25
872a8bcedffffff,872a8bc2effffff,10,28
872a8bcedffffff,872a8bc4effffff,4,17
872a8bcedffffff,872a8bc51ffffff,5,13
872a8bceeffffff,872a8bc4affffff,1,27
872a8bceeffffff,872a8bc4effffff,2,27
872a8bcf0ffffff,872a8bc49ffffff,36,41
872a8bcf0ffffff,872a8bc53ffffff,4,35
872a8bcf0ffffff,872a8bcd2ffffff,10,21
872a8bcf0ffffff,872a8bcf0ffffff,1,0
872a8bcf3ffffff,872a8bc2affffff,2,26
872a8bcf3ffffff,872a8bc51ffffff,1,31
872a8bcf5ffffff,872a8bc2affffff,1,21
872a8bcf5ffffff,872a8bc2bffffff,2,22
872a8bcf6ffffff,872a8bc89ffffff,1,13
872a8bd41ffffff,872a8bc28ffffff,1,32
872a8bd41ffffff,872a8bc2effffff,6,26
872a8bd42ffffff,872a8bc2affffff,141,23
872a8bd42ffffff,872a8bd42ffffff,2,0
872a8bd48ffffff,872a8bc2effffff,1,22
872a8bd48ffffff,872a8bc41ffffff,2,19
872a8bd48ffffff,872a8bc4effffff,8,23
872a8bd4affffff,872a8bc4effffff,1,31
872a8bd50ffffff,872a8bc2affffff,5,18
872a8bd50ffffff,872a8bc2cffffff,4,14
872a8bd50ffffff,872a8bc2effffff,2,15
872a8bd50ffffff,872a8bc41ffffff,62,28
872a8bd50ffffff,872a8bc4affffff,2,33
872a8bd50ffffff,872a8bc51ffffff,2,34
872a8bd52ffffff,872a8bc28ffffff,1,19
872a8bd52ffffff,872a8bc2affffff,1,16
872a8bd52ffffff,872a8bc2effffff,12,12
872a8bd52ffffff,872a8bc41ffffff,277,25
872a8bd52ffffff,872a8bc48ffffff,4,34
872a8bd52ffffff,872a8bc4affffff,1,30
872a8bd52ffffff,872a8bc4effffff,2,31
872a8bd52ffffff,872a8bc50ffffff,2,32
872a8bd52ffffff,872a8bc51ffffff,2,32
872a8bd53ffffff,872a8bc04ffffff,207,15
872a8bd53ffffff,872a8bc23ffffff,17,10
872a8bd53ffffff,872a8bc28ffffff,6,15
872a8bd53ffffff,872a8bc2affffff,17,11
872a8bd53ffffff,872a8bc2bffffff,16,12
872a8bd53ffffff,872a8bc2effffff,104,8
872a8bd53ffffff,872a8bc41ffffff,27,21
872a8bd53ffffff,872a8bc44ffffff,2,19
872a8bd53ffffff,872a8bc4affffff,3,26
872a8bd53ffffff,872a8bc4effffff,12,26
872a8bd53ffffff,872a8bc50ffffff,13,28
872a8bd53ffffff,872a8bc51ffffff,9,27
872a8bd53ffffff,872a8bc52ffffff,2,26
872a8bd53ffffff,872a8bd53ffffff,1,0
872a8bd58ffffff,872a8bc2affffff,132,23
872a8bd58ffffff,872a8bc2effffff,1,19
872a8bd59ffffff,872a8bc48ffffff,1,24
872a8bd59ffffff,872a8bc4effffff,3,21
872a8bd59ffffff,872a8bc50ffffff,1,26
872a8bd59ffffff,872a8bc51ffffff,1,24
872a8bd5affffff,872a8bc2effffff,10,16
872a8bd5affffff,872a8bc4affffff,1,24
872a8bd5affffff,872a8bc4effffff,5,25
872a8bd5affffff,872a8bd5affffff,1,0
872a8bd5bffffff,872a8bc2bffffff,12,16
872a8bd5bffffff,872a8bc2effffff,6,18
872a8bd5bffffff,872a8bc4affffff,9,25
872a8bd5bffffff,872a8bc4effffff,1,26
872a8bd5bffffff,872a8bd5bffffff,1,0
872a8bd5cffffff,872a8bc28ffffff,1,32
872a8bd5cffffff,872a8bc2effffff,3,26
872a8bd5effffff,872a8bc4affffff,1,29
872a8bd5effffff,872a8bc4effffff,2,30
872a8bd63ffffff,872a8bc2affffff,2,32
872a8bd63ffffff,872a8bc2effffff,1,28
872a8bd63ffffff,872a8bc4effffff,3,35
872a8bd6cffffff,872a8bc28ffffff,1,33
872a8bd6cffffff,872a8bc2affffff,8,30
872a8bd6cffffff,872a8bc2cffffff,20,24
872a8bd6cffffff,872a8bc2effffff,1,26
872a8bd6cffffff,872a8bc40ffffff,1,30
872a8bd6cffffff,872a8bc4effffff,3,28
872a8bd6cffffff,872a8bc51ffffff,1,34
872a8bd6effffff,872a8bc48ffffff,1,30
872a8bd6effffff,872a8bc4effffff,4,30
